view_count,answer_count
45,3
71,1
25,3
46,1
60,1
33,1
38,1
63,1
45,1
29,1
61,1
28,1
14,1
37,1
42,1
87,1
80,1
51,1
86,3
79,1
45,3
56,1
97,1
30,1
45,1
41,0
53,1
118,1
25,2
38,1
40,2
47,2
34,2
24,1
50,1
24,1
137,2
212,5
25,2
235,1
29,1
264,6
39,0
31,2
199,2
15,1
149,2
33,1
40,2
61,2
24,1
22,1
64,0
48,1
41,1
53,1
22,1
63,1
55,0
57,1
60,2
28,1
51,1
47,2
54,2
60,2
35,1
49,4
49,3
32,1
34,1
27,0
42,0
50,1
70,3
40,0
35,1
18,2
30,2
90,1
39,0
37,2
32,2
43,1
72,1
30,1
349,3
34,1
49,3
28,0
89,3
40,0
38,1
75,1
22,2
31,1
41,1
59,1
62,1
46,1
72,1
123,1
71,1
94,1
70,3
94,3
60,1
85,2
37,1
38,1
116,1
29,1
24,1
42,0
51,2
46,0
54,2
56,2
16,1
37,2
31,2
33,1
25,0
23,1
63,1
51,1
88,2
37,1
29,0
48,1
37,1
69,1
59,4
95,2
23,2
13,1
69,3
61,0
60,2
30,1
72,2
43,2
15,0
32,1
45,1
50,1
44,1
53,0
41,1
62,1
35,1
17,0
47,1
23,0
45,1
60,2
24,1
43,2
66,1
34,2
34,1
27,1
79,1
39,1
63,1
38,1
37,1
47,2
30,2
43,0
76,5
117,1
59,1
18,0
20,1
39,1
51,1
45,2
37,1
54,0
44,6
41,1
25,1
48,2
40,2
36,3
41,1
68,2
82,2
47,1
32,2
39,3
24,0
23,2
38,2
56,3
64,1
28,1
35,1
40,2
34,1
41,1
40,3
63,2
49,2
29,0
27,1
36,2
27,1
29,1
38,1
39,1
37,1
33,1
25,2
41,2
31,1
41,1
72,3
33,2
34,2
42,1
30,1
85,1
43,1
74,3
39,1
39,1
25,2
71,1
121,3
34,1
42,2
32,2
79,1
63,2
74,2
39,1
38,1
13,0
25,0
48,0
41,3
27,1
26,1
52,1
51,2
42,1
40,3
35,2
33,2
21,1
66,0
28,1
41,3
27,1
40,1
32,1
37,1
46,4
47,2
45,0
43,2
22,1
31,1
37,1
41,1
42,3
35,0
69,2
36,3
24,1
41,1
47,3
35,1
32,0
23,4
14,1
18,0
17,1
39,3
47,1
41,1
25,0
18,1
21,2
32,2
12,1
52,1
49,1
61,2
32,0
29,3
29,1
26,1
55,2
22,1
30,1
30,1
11,0
24,1
30,1
29,1
32,1
41,1
33,1
23,0
30,1
41,1
71,2
35,1
23,1
123,3
38,1
20,0
51,2
26,1
44,2
40,1
81,0
14,1
61,1
35,1
21,0
13,0
44,1
23,1
46,1
53,3
27,2
14,1
41,1
40,0
37,2
39,2
25,0
29,0
34,1
15,1
41,1
37,1
44,1
24,0
24,1
47,1
21,0
24,0
30,1
16,2
27,1
37,2
31,2
30,2
27,0
65,1
40,1
40,1
31,1
23,1
47,0
28,2
20,0
36,2
20,1
25,2
40,5
30,1
36,3
32,0
48,1
23,2
36,2
35,0
18,0
57,1
73,1
20,0
26,1
25,0
42,0
27,1
35,1
20,0
30,0
18,0
44,2
36,2
29,3
41,1
34,1
53,0
30,0
50,1
17,0
42,0
15,0
35,0
30,1
27,1
38,2
30,2
74,1
27,1
32,1
45,0
59,2
7,0
24,2
41,1
27,2
21,2
22,1
23,0
47,3
134,0
22,2
43,1
21,0
32,0
69,4
75,1
21,0
58,2
38,0
35,1
31,1
42,1
31,3
20,1
23,0
28,1
31,1
45,3
37,0
28,1
36,2
33,0
48,1
27,2
13,1
26,0
22,1
47,1
27,1
29,0
31,1
18,1
38,2
41,1
34,1
27,1
34,2
17,0
34,2
66,1
21,1
35,1
19,0
27,2
35,4
42,2
28,1
31,2
20,2
35,1
24,1
34,0
58,2
27,0
24,0
17,1
10,0
53,0
58,1
31,1
11,0
17,2
22,2
63,2
32,1
31,1
24,1
51,1
17,0
33,0
21,2
45,1
34,1
36,3
26,0
58,1
38,2
33,0
27,1
35,2
19,0
20,1
18,0
28,1
22,0
36,1
58,2
111,1
41,2
18,0
60,2
40,0
35,1
41,2
44,2
49,0
36,1
31,1
44,1
95,2
36,1
46,1
42,0
31,3
34,2
32,0
26,1
40,2
34,1
26,0
57,3
43,2
53,1
110,1
34,1
21,1
49,1
51,5
27,0
35,2
22,0
12,1
15,0
10,1
36,0
37,2
29,1
23,1
26,0
45,1
25,1
43,1
80,7
19,0
26,0
29,1
37,2
7,0
29,0
77,2
134,3
18,1
51,1
28,1
54,6
51,1
16,0
47,0
31,0
19,3
157,0
30,1
29,3
52,1
28,0
46,1
55,5
65,1
40,1
68,0
37,3
29,1
37,0
14,0
19,1
83,1
55,3
42,2
42,2
42,2
40,1
15,0
38,1
39,3
27,0
51,1
55,1
33,1
48,2
26,1
36,0
37,1
45,2
19,1
21,1
59,2
35,1
47,1
25,1
87,0
29,0
79,1
27,0
26,1
40,1
30,1
77,1
30,1
17,1
52,1
172,1
107,2
32,1
43,1
58,0
25,0
27,0
19,1
30,1
72,1
58,1
31,0
21,0
40,1
23,0
26,0
40,2
20,1
37,0
12,0
54,0
19,1
5,0
30,2
34,1
21,1
21,0
49,1
60,5
18,3
23,0
74,1
20,1
28,1
37,1
46,0
24,1
53,2
40,0
21,1
53,2
26,1
37,1
34,1
35,2
66,2
32,1
43,2
60,1
35,0
50,1
45,1
47,1
65,2
30,1
27,1
33,2
39,0
28,1
47,0
40,1
33,1
27,1
44,1
61,1
33,1
43,1
18,0
29,0
32,0
29,0
61,2
63,1
43,2
31,2
33,1
47,1
38,0
28,1
32,1
35,2
42,1
29,1
44,1
17,2
52,1
25,0
32,2
30,1
38,1
51,1
26,0
34,1
38,1
38,2
32,0
40,1
21,1
58,1
28,1
67,3
28,1
28,2
38,2
18,1
54,7
42,0
43,1
17,0
64,4
30,1
43,0
19,0
50,3
77,2
36,0
52,2
27,1
31,0
71,5
47,3
85,4
33,1
66,3
19,0
40,0
35,2
42,1
54,1
31,1
28,1
130,2
24,1
40,1
53,2
24,1
37,3
48,0
29,1
86,3
28,1
61,2
39,1
71,2
11,0
35,0
48,4
104,0
40,0
24,1
39,1
25,1
25,1
47,3
30,2
58,1
16,0
30,2
28,1
72,2
23,0
27,1
32,1
51,2
51,5
51,2
69,2
42,1
32,1
33,1
46,1
24,0
47,0
69,5
54,3
37,4
62,2
69,2
24,2
31,1
51,2
99,3
41,1
31,0
58,1
43,5
39,1
11,1
20,0
23,1
51,1
51,1
29,0
17,1
53,2
43,1
29,1
52,4
18,1
35,1
19,1
21,1
38,1
95,0
23,0
14,1
21,1
19,0
25,1
26,0
20,1
33,2
44,1
35,1
26,0
30,2
67,2
38,0
45,3
56,2
31,1
29,0
53,2
23,1
53,1
13,0
22,2
33,1
31,1
23,2
32,1
19,0
67,1
38,2
50,4
18,0
36,1
29,1
68,1
20,3
55,1
34,1
94,1
37,0
141,2
57,1
14,1
37,2
36,2
61,3
19,1
36,2
16,2
31,2
53,0
23,0
11,1
38,4
28,0
45,1
68,2
54,4
47,1
68,2
35,1
20,0
16,0
37,1
42,6
35,1
50,1
26,0
38,2
27,2
19,0
31,1
46,2
32,0
35,1
22,0
73,3
25,2
11,0
39,3
46,1
19,1
27,1
66,5
101,4
32,0
43,2
55,2
41,2
45,1
14,3
49,1
35,1
42,1
37,1
23,0
33,0
23,1
22,0
25,0
18,0
165,0
51,0
18,0
43,1
47,1
13,1
51,0
27,2
25,1
18,0
21,0
43,0
34,2
25,0
63,2
43,1
10,0
71,2
58,2
28,1
55,0
48,2
44,3
27,1
32,0
34,3
68,3
44,0
16,0
30,0
88,1
53,1
35,1
10,1
31,0
47,0
32,1
31,1
14,1
56,1
41,1
32,0
28,1
46,1
28,2
32,1
26,0
67,3
23,0
34,2
29,2
82,1
36,3
32,2
39,1
56,3
51,0
22,1
38,1
41,0
50,1
24,1
39,1
19,0
44,0
43,1
44,1
20,0
56,1
36,1
30,1
16,1
23,2
18,1
47,2
65,2
41,0
33,1
24,1
49,0
68,1
27,0
22,0
23,0
16,0
54,4
30,1
77,1
33,0
33,3
30,1
24,1
184,1
39,0
21,0
34,2
15,0
44,3
31,1
35,1
34,0
36,0
26,1
34,2
31,2
11,0
28,0
24,0
22,0
31,3
31,1
37,0
21,0
28,0
27,0
30,1
51,1
36,1
36,0
26,2
10,0
34,1
41,1
43,1
201,1
21,1
55,0
62,0
33,2
28,2
28,2
21,0
151,2
18,1
57,3
114,2
56,2
29,1
41,2
32,1
25,1
33,1
44,2
24,1
49,3
25,2
141,3
145,2
191,6
47,2
28,2
56,3
61,4
170,2
33,0
80,3
39,2
49,1
37,3
38,2
28,1
106,2
83,2
23,1
26,1
221,1
137,3
30,2
47,1
135,1
56,1
131,0
39,1
47,1
109,2
43,2
21,4
77,2
22,1
79,1
62,1
24,0
82,2
75,1
43,1
37,0
41,1
38,1
108,1
86,1
87,1
44,1
65,2
69,1
44,1
445,5
43,3
49,3
56,1
38,3
55,0
110,2
45,1
56,3
78,2
24,0
49,2
31,2
42,1
92,1
44,2
36,1
37,2
44,1
91,2
544,3
47,1
20,0
47,1
66,1
20,0
39,1
50,1
63,4
29,1
67,2
44,1
52,2
34,1
53,0
70,3
58,2
21,0
41,2
27,1
29,1
92,4
52,1
54,1
50,1
83,1
75,2
35,1
58,2
15,1
48,2
30,1
33,2
39,1
50,2
45,2
34,1
143,4
86,4
48,1
48,2
83,1
92,2
67,1
39,0
52,1
50,1
72,1
40,2
31,2
43,1
75,3
52,3
90,1
112,1
53,1
99,6
40,2
38,2
57,3
62,1
74,1
71,1
39,0
74,1
56,3
45,1
27,1
30,1
40,1
57,2
64,1
34,2
42,1
42,1
32,1
16,1
42,2
80,3
25,1
42,0
55,1
27,1
57,2
31,1
53,1
42,2
38,1
99,1
58,0
21,1
33,0
51,2
84,3
37,2
51,1
21,1
20,3
19,0
52,4
41,1
41,1
47,1
52,1
91,0
45,1
42,1
23,3
92,1
55,3
15,1
46,2
79,3
13,1
48,1
33,3
20,1
26,0
52,2
32,1
36,1
49,1
50,2
30,0
53,1
37,1
14,0
47,0
21,1
19,1
21,1
28,2
25,2
17,0
18,1
45,1
38,2
35,1
128,0
14,0
43,0
33,0
70,1
26,1
22,0
39,2
28,0
35,2
26,0
27,1
39,1
31,1
38,1
37,0
34,1
15,0
41,1
40,2
33,1
28,2
27,0
17,1
38,2
39,3
16,0
22,1
45,0
74,2
56,2
44,0
39,0
15,1
36,1
47,1
36,1
79,3
33,0
44,3
29,2
64,1
25,1
24,0
23,2
81,4
20,1
87,2
49,1
39,0
11,1
42,2
30,0
25,1
29,1
24,0
22,0
34,2
45,1
21,2
94,1
30,0
46,0
63,2
86,2
11,0
39,0
25,1
38,0
20,1
21,0
43,1
22,2
74,1
29,1
33,1
10,0
59,2
13,0
54,2
29,0
29,2
24,1
65,1
53,1
41,0
48,2
9,0
33,2
16,0
18,0
38,1
26,0
26,0
22,1
67,0
24,1
17,0
35,0
45,2
42,1
39,1
81,3
12,0
49,4
30,1
27,1
53,1
20,2
51,3
44,2
15,1
41,3
28,1
59,2
46,1
37,1
24,0
35,2
33,1
12,0
14,0
62,0
52,3
25,1
10,0
27,1
15,1
47,1
47,1
24,0
98,1
15,0
56,3
44,1
41,1
28,0
25,1
22,2
57,2
20,3
26,1
33,1
46,2
53,1
38,1
27,1
134,2
27,0
28,2
53,0
30,2
27,2
36,2
22,1
26,0
59,2
34,1
43,1
29,0
32,2
18,0
28,0
25,2
17,0
47,1
40,1
34,0
34,2
63,2
34,0
25,0
47,1
40,2
52,2
18,0
28,1
90,1
20,1
63,2
33,4
6,0
72,4
62,4
38,2
44,2
22,0
15,1
35,1
53,2
62,0
51,1
74,2
50,1
9,0
28,0
24,1
34,1
65,3
11,1
62,1
74,1
31,0
30,2
22,0
23,1
56,2
33,0
69,4
44,2
51,1
41,1
29,0
17,0
21,1
72,1
51,0
28,0
31,1
29,1
36,0
24,1
32,0
26,1
15,1
14,0
24,0
49,2
60,4
40,2
15,0
76,4
45,1
68,3
25,0
36,1
91,2
50,2
29,0
16,0
47,1
34,0
36,1
81,7
66,0
17,0
39,1
38,2
18,0
45,1
31,1
67,3
30,1
52,4
23,2
30,1
36,0
31,3
20,0
50,2
18,0
22,1
47,1
40,2
29,0
62,3
68,1
46,2
44,0
28,0
24,0
38,1
41,2
70,1
30,2
19,0
39,1
30,0
60,3
35,0
57,2
51,0
36,0
40,2
25,0
24,1
19,0
29,2
59,0
23,0
30,2
15,0
37,1
50,1
31,1
23,1
34,0
44,1
36,2
34,0
60,4
36,1
100,6
24,0
48,1
81,3
16,0
57,0
48,1
32,0
47,0
23,0
25,1
38,0
25,1
31,0
24,1
35,0
67,2
37,1
25,1
53,1
39,2
15,1
47,1
52,1
56,0
58,0
53,1
21,0
68,0
24,1
109,3
49,4
39,0
29,0
22,0
33,1
55,5
25,0
60,2
48,0
57,2
43,1
40,2
44,2
45,0
31,0
44,1
46,2
50,2
32,1
43,0
17,0
34,2
42,4
17,0
84,2
35,2
33,1
35,1
65,0
19,1
33,1
39,7
33,1
66,4
48,2
33,0
51,1
42,0
18,0
21,0
49,4
39,0
137,5
29,2
25,0
48,3
26,2
44,1
73,2
22,1
46,3
40,0
37,0
51,1
28,0
81,1
35,3
24,0
37,2
22,0
29,2
26,1
56,1
39,2
32,2
88,4
44,0
34,2
49,4
66,1
55,2
36,1
18,1
32,1
77,3
24,1
20,0
32,1
23,2
94,1
32,0
46,1
26,0
43,1
12,1
21,1
31,1
88,2
31,1
12,0
28,0
32,0
42,2
29,0
51,2
32,2
33,1
23,0
40,2
30,0
47,0
44,1
17,1
24,0
42,3
97,4
40,1
50,0
28,1
68,1
21,0
30,0
36,1
24,0
17,0
33,1
27,1
20,1
32,0
51,2
20,0
25,0
16,1
51,4
29,1
26,0
35,1
50,1
75,1
50,0
19,0
45,0
44,3
58,1
37,2
36,0
27,0
15,0
53,1
38,1
32,1
63,2
23,1
70,3
39,3
37,1
36,2
24,1
24,1
23,1
33,0
25,0
36,2
33,3
40,0
26,0
35,0
50,1
21,0
46,1
29,1
49,2
31,1
31,0
20,0
27,1
40,1
28,1
14,0
63,4
24,0
15,0
19,1
35,0
41,0
19,0
55,7
63,0
54,0
17,0
17,1
41,1
51,5
73,3
47,1
27,0
27,0
26,0
26,1
19,0
23,0
39,4
54,1
36,1
39,0
20,0
63,1
30,0
18,1
37,4
37,1
27,1
92,2
47,2
48,1
23,1
40,4
28,3
24,0
63,6
103,3
28,1
34,2
18,0
25,1
40,2
25,3
24,0
25,0
15,1
15,0
26,1
10,0
40,1
24,0
18,0
35,1
34,1
17,1
9,0
70,3
44,0
29,1
12,1
40,2
47,0
51,1
30,1
33,2
26,1
22,1
51,1
38,3
68,0
33,1
73,4
26,1
62,0
62,3
22,1
35,1
93,1
52,2
25,1
50,3
27,0
19,0
37,0
43,1
37,0
29,2
22,0
52,1
28,2
29,1
39,1
32,0
47,1
33,0
25,1
36,0
50,0
16,0
44,1
29,1
25,1
105,0
79,1
472,3
33,1
68,2
438,1
17,1
32,1
36,1
25,1
17,0
74,1
33,1
71,1
71,1
77,2
24,1
271,13
36,0
35,1
28,2
31,1
29,1
89,2
645,0
24,1
52,1
52,2
42,2
49,2
72,2
38,2
184,3
63,1
44,1
77,2
105,1
48,1
31,2
89,4
36,2
16,1
502,1
91,1
37,2
56,2
52,2
48,1
32,1
45,1
55,1
48,2
36,2
24,0
76,3
80,3
31,2
32,0
83,2
30,1
21,1
31,1
30,1
54,1
107,2
19,0
54,1
28,0
26,0
52,1
47,0
39,3
51,3
25,2
24,1
27,1
75,2
66,3
39,1
57,1
107,2
33,1
66,1
33,2
23,0
37,0
75,2
57,1
45,1
77,4
23,0
49,1
105,3
40,0
44,1
52,1
79,2
41,1
57,2
40,2
54,3
40,2
27,1
53,3
66,1
67,3
36,2
117,1
50,3
48,1
148,3
25,2
70,1
24,0
70,0
149,4
46,1
40,0
24,1
32,1
59,1
37,2
32,1
116,2
41,1
92,3
31,1
98,1
65,1
57,2
23,0
87,1
64,1
106,2
73,2
75,1
199,1
48,2
39,1
56,1
45,2
77,1
89,3
32,1
21,1
104,2
27,0
75,1
38,1
51,1
35,1
64,2
38,1
30,0
36,1
45,2
26,0
57,0
79,5
21,1
24,1
35,1
35,0
36,1
66,2
74,1
34,1
21,1
45,0
57,1
46,1
78,1
30,1
76,1
83,3
71,2
56,1
44,1
66,1
38,1
62,1
54,0
32,1
24,0
57,1
45,1
58,0
32,1
47,3
18,0
30,1
29,1
45,1
20,4
35,2
32,0
25,1
30,1
46,0
22,0
16,1
40,1
41,1
24,1
65,1
37,1
29,1
21,0
42,1
21,0
37,1
43,3
21,0
42,0
68,2
13,0
17,1
76,3
39,1
51,3
21,1
63,3
50,1
69,4
26,0
37,1
39,0
55,2
27,1
62,1
44,1
37,1
49,3
62,1
18,0
57,2
17,1
43,1
39,0
30,0
21,1
33,0
35,0
54,3
46,0
50,3
43,1
38,0
48,2
48,1
35,3
40,1
47,2
48,1
26,1
19,1
32,0
28,2
119,1
59,1
27,0
17,1
42,2
30,3
80,1
55,2
51,0
23,1
62,3
21,1
28,0
16,0
39,1
37,0
28,0
25,0
24,0
13,1
30,2
93,2
40,1
44,2
36,0
44,0
13,3
34,0
26,0
28,1
65,2
70,2
52,2
39,1
20,1
33,1
65,1
92,0
118,2
40,0
44,1
53,1
35,2
30,0
35,2
58,2
37,0
25,0
22,1
45,1
8,0
10,0
38,0
36,0
51,1
29,1
32,1
14,0
86,1
17,0
23,0
48,1
28,0
32,2
98,3
53,2
46,1
39,0
51,1
18,0
54,3
57,1
44,2
33,1
62,2
20,0
49,3
38,1
23,0
14,0
111,1
59,1
14,1
45,1
69,2
46,2
38,1
42,2
26,1
31,1
47,1
49,1
38,2
17,0
18,0
66,1
18,0
31,0
29,1
29,1
34,1
33,1
26,1
54,1
97,1
47,1
49,0
28,0
26,1
25,1
37,1
56,0
21,2
25,0
18,0
22,0
45,1
38,0
31,0
32,1
89,2
23,1
59,2
63,1
44,0
49,0
39,1
21,1
27,0
30,1
23,0
43,2
51,2
135,2
35,1
65,2
150,2
19,0
27,1
59,1
57,1
46,1
32,0
52,2
44,2
28,1
31,1
59,2
46,1
20,0
32,0
62,1
31,0
72,2
25,0
18,1
23,1
25,0
40,0
35,0
49,2
26,2
48,1
29,0
53,2
67,1
36,0
36,2
36,0
40,2
41,0
73,2
49,2
53,3
55,1
14,0
46,2
67,2
50,1
16,1
65,0
39,2
21,0
56,1
32,0
89,0
38,1
37,3
35,1
13,0
44,1
46,2
37,0
62,1
13,0
36,1
31,0
90,1
42,1
19,1
36,2
25,1
617,1
197,0
24,1
40,1
18,0
36,2
30,1
47,2
51,1
46,1
22,0
20,1
53,1
30,0
20,0
40,1
55,1
31,0
33,0
58,1
38,1
49,1
43,2
48,3
18,0
91,1
108,0
16,0
37,1
22,0
69,1
10,0
37,1
64,1
40,1
35,1
52,0
113,1
23,0
66,2
14,0
64,1
24,1
30,0
32,0
43,0
38,1
25,0
27,1
118,2
54,1
48,0
35,2
68,0
40,1
50,2
39,0
39,2
54,2
42,0
51,0
30,0
20,2
79,1
99,3
54,1
22,0
30,1
84,0
13,0
70,1
29,1
40,0
21,0
77,2
16,0
25,1
54,2
73,1
94,1
65,0
21,2
20,1
48,1
38,1
56,3
40,0
27,0
22,0
47,0
40,1
30,1
24,1
45,0
34,0
36,1
47,1
430,2
27,0
36,1
38,3
52,1
31,2
47,1
67,1
176,1
55,2
44,1
70,1
33,2
26,0
41,1
55,2
29,1
51,3
46,1
37,1
35,1
28,2
35,2
173,1
34,1
15,1
41,2
25,2
113,1
83,2
55,1
35,1
22,1
24,1
57,0
52,1
46,2
41,1
81,3
23,2
43,1
83,4
47,1
50,1
33,1
45,1
36,2
33,3
31,1
80,2
41,2
52,2
31,2
35,1
40,1
41,2
33,2
52,1
52,1
24,1
47,0
16,0
56,2
65,2
35,0
88,0
39,1
28,1
49,1
40,1
27,3
45,2
23,1
37,1
24,1
25,1
32,2
34,2
55,2
36,3
53,0
7,1
39,0
29,1
47,1
37,3
46,1
40,1
33,2
36,1
61,1
49,3
39,2
29,0
100,1
53,1
40,1
45,2
47,1
55,1
60,3
52,1
38,1
36,1
32,2
31,1
34,2
35,1
29,1
41,0
57,1
52,2
51,1
33,0
47,2
26,2
44,1
47,1
30,0
18,0
41,1
54,1
40,2
30,1
52,1
46,2
59,1
42,2
38,1
31,1
52,2
59,1
23,1
44,2
44,0
41,2
34,1
20,1
26,2
38,1
37,1
26,1
29,1
28,1
12,0
38,1
34,1
15,1
27,1
37,0
20,2
43,1
58,0
57,1
109,1
12,1
30,1
41,2
40,1
28,3
37,2
16,1
73,1
46,0
10,0
27,1
12,1
56,1
56,1
16,0
16,1
31,1
51,3
41,0
37,2
56,2
43,2
18,0
25,1
33,0
61,2
21,1
23,2
41,1
34,1
36,2
40,3
48,1
33,1
55,0
42,3
24,0
35,1
40,3
32,1
26,1
34,1
16,0
19,1
47,3
26,1
20,0
21,1
27,1
13,0
35,1
23,1
43,2
83,2
42,0
22,0
37,2
20,0
19,0
58,1
37,0
28,3
37,0
32,0
28,2
17,0
16,1
33,0
43,2
16,0
29,0
20,1
23,2
41,0
15,0
16,0
28,2
12,1
51,4
23,1
29,0
10,0
30,1
13,0
29,3
24,0
32,0
34,1
50,1
18,0
30,2
31,1
11,2
41,1
31,1
89,1
32,1
18,1
17,0
36,2
43,1
48,2
37,0
30,0
31,1
96,1
39,2
28,3
40,1
43,5
26,2
48,2
33,2
31,1
30,1
33,2
33,1
33,1
52,1
25,0
28,1
52,1
28,0
24,1
21,2
86,3
49,1
47,2
17,0
14,1
17,1
31,1
27,3
14,0
35,1
36,1
35,1
25,1
23,0
26,1
23,1
27,0
46,1
20,0
52,3
43,4
25,1
12,0
47,0
35,1
51,0
30,1
22,0
17,0
26,0
44,2
45,1
32,1
29,2
26,2
26,0
90,1
55,0
56,2
64,1
55,2
47,4
79,1
26,2
24,1
87,1
70,1
43,0
23,1
30,0
20,2
50,1
43,2
91,3
23,0
91,2
35,1
48,3
22,1
39,2
46,1
64,2
40,2
30,2
47,1
31,2
53,1
40,2
64,1
32,0
49,1
38,1
39,2
50,0
27,1
36,2
39,0
40,1
37,1
54,4
40,2
61,2
41,2
47,2
40,1
28,1
42,1
81,1
65,1
39,1
33,1
25,1
28,0
19,0
48,1
21,1
30,2
20,1
34,1
59,4
33,0
46,2
23,0
32,2
30,1
22,1
47,2
31,2
85,2
51,3
41,1
21,1
30,0
39,1
42,0
42,1
25,0
102,5
43,0
24,0
28,0
47,1
37,1
23,0
12,0
25,1
44,1
28,2
15,1
27,0
12,0
42,1
22,1
28,0
23,0
21,1
46,5
48,0
15,1
30,2
36,1
21,1
46,0
37,1
35,1
51,4
15,0
30,1
25,0
12,0
57,3
27,1
29,0
36,1
45,2
32,1
37,0
22,1
62,2
37,2
25,0
21,1
43,1
26,1
17,1
40,2
22,3
14,0
40,3
30,1
32,0
40,4
43,1
50,1
91,1
26,1
66,2
41,0
52,0
42,3
39,1
34,1
43,0
46,2
24,1
44,0
27,0
44,1
34,0
59,3
34,2
58,1
14,1
22,0
48,1
37,1
36,2
37,1
35,4
41,3
45,0
17,0
28,1
28,0
34,2
30,0
50,1
39,3
98,1
48,1
32,2
49,1
22,0
41,2
28,1
68,3
40,0
32,0
45,3
21,0
64,2
53,4
25,0
31,1
25,1
30,1
37,0
28,2
16,2
7,0
14,0
29,0
42,2
22,1
37,2
27,1
46,1
49,4
20,1
21,0
26,0
32,0
30,1
23,1
42,3
41,2
22,1
19,0
13,1
28,1
28,2
34,2
16,0
15,0
24,0
31,0
13,0
31,0
30,1
35,0
28,0
28,2
16,2
59,2
16,0
60,1
34,1
35,0
21,0
31,1
35,1
24,0
34,2
27,1
45,0
29,1
14,0
16,1
26,0
56,3
7,0
42,0
16,2
31,1
10,0
34,1
53,2
170,2
38,1
67,1
46,1
64,4
44,1
51,0
48,3
32,0
28,3
45,1
38,1
62,3
27,5
21,1
24,1
28,0
35,0
20,0
30,1
51,0
71,0
32,1
10,1
63,1
16,1
26,2
14,0
30,0
21,0
42,1
21,2
35,1
20,1
11,0
27,1
16,0
15,0
36,1
59,1
15,1
24,1
51,0
24,2
413,6
9,0
19,1
30,1
35,1
31,1
29,1
10,1
31,2
15,0
23,0
31,2
43,1
34,0
19,1
26,2
25,0
50,2
27,1
25,1
40,2
17,0
56,2
31,0
24,0
60,7
34,0
35,0
41,1
25,1
16,0
45,2
44,0
39,3
94,0
30,2
19,0
37,0
17,1
21,2
25,0
41,2
21,0
22,1
31,1
32,1
17,1
17,1
762,3
60,0
450,0
55,1
72,2
47,2
41,2
44,1
30,2
54,0
158,2
55,1
151,2
63,1
35,1
59,1
64,4
103,1
71,1
27,1
56,0
30,0
45,1
147,3
54,1
15,0
93,3
295,2
21,1
183,5
76,2
64,0
65,1
50,0
71,3
79,3
75,0
91,1
46,1
96,1
47,1
35,1
41,1
35,1
46,1
105,1
38,1
53,1
75,2
49,3
146,2
141,1
60,0
25,2
59,0
55,1
46,2
558,2
37,2
114,4
45,1
84,3
60,4
35,0
124,0
63,1
59,1
74,1
36,1
26,1
36,1
55,2
67,1
73,1
27,1
28,1
58,1
22,1
44,1
156,1
104,2
127,2
23,2
36,1
33,0
45,1
38,3
52,1
33,1
39,2
71,1
26,0
28,1
66,0
80,1
22,0
26,0
68,0
50,2
36,1
32,1
31,2
24,1
45,1
48,0
29,2
46,1
30,1
137,1
39,0
35,1
29,2
62,1
58,1
61,3
22,1
28,1
37,2
29,2
58,1
33,2
77,2
48,0
51,2
77,2
39,0
27,1
77,2
30,1
48,1
30,0
31,2
35,2
43,1
46,1
52,2
80,2
47,0
30,2
47,1
47,3
37,1
49,0
40,2
37,1
22,2
52,1
20,0
37,2
33,1
47,2
41,2
78,1
31,2
36,1
18,0
47,1
38,3
39,3
63,1
22,1
18,0
133,2
14,0
32,0
18,0
31,0
23,1
32,1
50,1
73,1
29,1
11,1
41,1
17,1
22,1
44,1
38,0
25,1
39,3
34,1
42,1
36,1
11,1
20,0
37,1
51,0
84,2
13,0
17,1
18,0
29,0
27,2
29,0
22,0
53,0
19,1
17,1
12,1
58,2
14,1
25,0
66,1
26,0
21,1
29,0
55,0
51,5
29,0
28,0
44,1
44,1
31,0
37,2
38,2
13,0
49,1
12,0
64,2
21,1
9,0
23,1
28,2
8,0
20,0
56,2
53,1
12,0
46,1
47,1
19,1
16,0
42,2
55,1
28,0
26,0
26,0
17,0
33,1
27,1
28,1
32,1
9,0
50,1
8,0
39,1
149,1
43,1
26,1
15,0
24,1
35,0
26,1
44,0
39,3
89,2
15,0
14,0
21,2
42,0
32,0
30,0
29,0
46,1
36,3
24,1
39,1
36,2
29,0
28,1
16,0
36,1
61,1
57,2
60,1
17,0
25,1
35,1
22,3
23,0
16,0
53,1
14,0
50,1
11,0
30,1
87,4
53,2
9,0
70,0
63,1
50,1
44,0
15,0
63,0
80,3
24,0
34,0
24,1
18,0
74,3
31,3
44,1
68,0
44,0
30,1
13,0
44,2
30,2
24,2
30,0
25,0
46,2
28,1
28,0
68,1
23,1
29,1
32,1
15,1
44,1
13,0
39,1
26,0
27,0
14,0
52,1
39,2
68,1
46,1
48,0
48,3
30,0
13,0
38,1
28,1
25,0
69,3
39,0
24,1
15,0
71,2
60,0
32,1
37,0
41,0
21,1
36,0
50,2
45,2
32,3
39,1
30,0
63,0
15,0
27,0
380,1
26,1
39,1
38,2
56,3
31,3
31,1
50,4
20,1
28,0
69,1
15,0
23,0
57,1
14,1
53,2
28,1
27,0
192,2
81,3
54,2
17,0
18,0
34,1
104,1
74,1
24,0
57,0
21,0
67,2
32,0
14,0
74,2
55,5
23,0
19,0
22,1
14,1
45,1
37,1
56,1
18,1
55,1
52,0
21,1
45,1
26,1
35,1
53,0
42,0
25,0
29,3
63,1
63,2
42,1
16,0
28,2
40,1
65,2
45,0
21,2
21,0
100,1
27,0
29,1
19,1
52,1
58,2
29,1
30,0
59,1
34,2
68,2
51,2
41,1
52,2
31,1
30,1
27,1
11,1
26,0
8,0
35,1
25,1
49,1
48,3
35,0
23,1
34,0
78,3
77,0
30,3
50,0
8,0
14,0
37,0
30,1
51,7
19,0
30,0
43,1
51,1
35,0
22,0
19,1
27,1
28,1
33,1
45,3
36,1
32,1
43,3
21,1
30,2
30,0
47,1
17,0
76,3
23,0
22,0
90,2
35,0
46,1
13,0
31,0
40,2
64,1
44,1
24,0
25,0
55,1
35,0
43,1
42,2
61,2
54,1
60,1
24,1
55,1
184,1
28,1
56,1
9,1
100,1
43,1
45,0
101,2
90,2
37,0
42,1
38,1
74,1
41,3
17,1
172,1
52,1
18,1
45,2
43,1
64,4
165,2
68,2
47,2
45,1
97,1
47,1
48,2
36,2
53,1
60,1
41,0
101,1
46,1
38,0
8,1
1843,7
41,2
52,2
37,2
31,1
60,1
110,1
50,3
38,1
63,3
17,1
109,1
48,2
57,1
54,1
48,3
76,1
152,1
54,3
305,4
48,1
109,1
29,1
30,1
59,3
59,3
41,2
88,1
49,3
30,1
42,2
74,4
37,2
49,2
35,1
38,1
32,1
27,0
35,1
90,1
25,1
42,1
96,1
29,1
56,2
21,1
18,0
37,1
35,0
11,1
37,1
33,1
48,1
44,1
33,1
43,2
42,1
85,1
97,3
50,1
38,1
55,1
30,1
41,1
30,1
42,2
35,1
11,0
30,1
170,1
34,1
87,2
96,1
42,1
20,1
28,2
34,1
42,0
27,1
48,1
57,3
45,2
39,2
44,1
24,1
27,0
42,4
54,3
66,1
17,1
15,1
26,1
69,3
42,1
33,1
106,1
22,0
70,1
46,4
67,4
25,1
39,3
51,1
46,1
35,1
42,1
32,2
48,2
38,1
43,2
25,1
22,1
27,2
15,1
39,2
42,2
51,4
64,3
12,0
16,0
51,2
40,3
34,1
38,3
62,3
25,3
38,0
44,1
31,0
54,2
33,1
18,0
15,1
30,1
42,2
16,0
40,1
17,0
57,1
28,3
38,3
14,1
14,2
46,1
39,0
28,1
31,3
35,1
36,0
37,0
35,2
34,2
20,1
58,1
29,1
35,2
22,0
58,1
68,3
17,0
25,1
22,3
244,1
31,1
53,1
46,1
18,0
12,0
62,4
18,0
21,1
17,0
24,2
24,1
18,0
41,2
37,3
51,1
50,6
17,1
85,1
99,0
43,2
36,2
11,0
73,1
34,0
34,0
29,0
34,1
54,2
34,2
59,1
59,1
67,4
74,2
25,2
41,1
27,0
51,2
57,4
40,1
26,2
29,2
40,1
50,1
40,2
25,2
71,4
28,1
28,0
31,1
66,2
18,0
52,3
38,3
48,1
34,1
14,0
23,2
54,3
14,0
44,1
24,2
18,1
24,1
31,1
22,0
37,1
22,1
49,3
22,1
20,0
28,1
22,0
39,2
40,2
22,0
32,0
17,1
20,0
40,0
48,2
15,1
46,2
31,1
62,1
93,1
36,3
27,2
58,0
23,2
33,1
30,0
39,2
23,0
36,1
47,0
20,0
20,0
20,1
51,3
47,1
18,0
45,1
28,2
52,2
38,2
34,3
52,1
42,1
30,0
126,1
26,1
34,2
34,1
23,1
47,1
50,1
32,3
25,1
38,2
42,0
26,1
24,1
46,0
45,1
178,1
40,1
56,2
40,3
25,0
43,3
56,2
45,1
24,0
41,1
73,2
12,0
43,1
78,4
36,0
29,0
51,1
45,1
29,1
29,2
63,3
46,2
40,1
28,1
45,1
51,2
33,0
44,2
40,4
72,1
57,3
64,6
53,3
28,1
29,2
42,2
19,2
24,1
30,0
49,1
46,1
51,3
37,1
54,1
52,2
35,1
34,1
57,2
16,0
37,2
22,1
27,1
25,1
39,1
23,0
48,1
62,0
43,2
31,1
50,0
95,0
20,0
36,0
46,0
37,3
33,2
37,1
56,3
35,2
53,3
51,4
35,1
60,1
49,3
32,1
45,1
23,0
27,2
34,2
30,1
20,1
53,3
31,1
47,0
35,3
61,1
42,1
59,1
32,3
31,0
34,1
35,1
42,1
33,1
51,2
22,1
77,1
34,1
47,3
26,0
44,1
38,2
49,1
45,0
38,2
27,0
18,0
28,0
28,1
26,0
55,1
22,1
47,1
25,0
71,0
28,2
25,0
12,0
36,3
58,1
34,2
40,2
35,0
110,1
46,1
35,1
56,1
72,3
67,1
35,1
32,1
43,1
42,1
45,3
55,1
11,0
64,1
41,2
46,1
39,1
48,2
43,2
24,0
28,2
90,0
33,1
18,1
53,1
57,1
27,0
52,0
41,1
43,1
36,0
25,0
32,2
27,1
40,2
20,0
23,0
31,4
23,1
51,2
55,1
71,2
16,1
28,1
112,1
165,2
84,3
31,1
33,1
45,2
36,1
31,0
33,2
27,1
17,3
20,1
32,1
54,0
30,1
19,0
37,1
49,1
18,0
23,1
18,0
17,1
23,1
30,1
79,1
44,4
33,1
40,4
41,2
55,2
41,1
46,2
30,1
31,2
26,1
48,1
65,4
53,6
27,2
50,1
43,5
57,2
16,1
12,1
36,1
47,1
21,0
80,2
54,2
21,1
42,2
50,3
31,0
25,0
50,2
24,2
57,2
40,1
24,0
17,2
56,3
24,1
56,1
73,4
43,2
69,1
40,2
46,1
22,1
26,4
17,2
36,1
24,1
39,1
28,1
32,2
13,0
16,0
76,3
14,2
30,1
21,0
30,1
48,3
61,0
52,1
36,1
16,0
29,0
42,1
39,0
37,2
38,3
32,1
18,1
20,0
23,1
31,1
23,2
20,1
24,2
20,1
30,0
30,1
19,2
14,0
14,0
43,2
26,0
16,1
16,0
30,1
60,3
68,5
15,2
27,1
25,1
19,2
32,2
31,1
15,0
17,1
41,2
44,2
18,1
21,1
36,2
22,0
31,3
52,2
59,3
33,1
26,1
36,0
39,0
66,1
27,0
25,3
23,1
52,3
37,1
167,1
28,0
49,1
24,1
46,1
45,0
31,3
42,1
28,3
37,2
33,2
37,1
31,1
53,3
20,1
45,0
27,2
45,3
44,0
60,2
39,2
40,1
20,1
48,3
50,4
44,1
36,1
22,0
67,4
32,2
47,5
14,0
23,0
48,2
39,1
23,0
49,2
17,1
24,1
48,2
21,0
26,1
33,1
40,1
79,1
33,1
46,2
27,1
29,0
24,1
18,1
35,2
36,4
23,2
35,1
53,2
63,4
63,1
135,2
23,0
57,1
96,2
68,1
123,2
36,1
68,2
93,2
105,2
80,0
42,1
31,1
35,1
49,1
270,2
126,4
85,2
61,1
48,0
52,1
65,0
116,2
55,0
37,1
39,1
63,1
58,2
30,1
81,3
34,1
44,1
73,3
64,2
72,1
50,1
77,4
73,3
45,1
77,3
21,1
30,2
61,1
52,0
42,1
92,1
19,0
40,1
42,0
21,1
37,2
56,4
41,1
33,1
197,3
74,1
62,1
18,1
53,1
50,1
64,2
43,2
45,0
61,2
55,1
45,1
40,1
17,0
38,1
133,2
33,0
48,1
48,1
54,3
30,1
61,2
126,0
29,1
67,2
141,1
51,1
43,1
77,1
75,1
106,3
28,0
32,1
40,1
32,1
62,1
39,0
57,1
79,3
91,1
70,1
35,1
31,1
43,2
65,2
108,5
54,1
61,1
143,2
27,1
87,1
32,0
88,1
36,1
100,5
29,1
147,3
13,0
43,1
95,0
94,2
63,4
22,0
43,1
37,0
26,1
31,1
42,3
28,0
9,0
1382,3
50,2
33,0
566,1
27,0
33,2
46,2
53,1
38,2
54,1
53,1
35,1
124,2
73,1
68,2
18,0
74,1
17,0
89,2
44,0
25,0
131,2
24,0
25,1
48,0
36,1
29,1
42,0
35,1
83,1
141,3
53,1
46,0
34,0
14,0
27,0
59,1
74,1
78,3
33,0
39,2
988,3
64,0
42,1
84,3
40,1
64,0
133,2
73,0
37,1
48,0
39,1
56,1
33,1
26,0
28,0
34,0
37,1
90,2
53,3
91,1
47,1
12,0
47,2
66,1
26,0
33,1
51,0
40,1
49,2
83,3
47,2
55,0
81,1
28,1
58,3
28,0
47,1
65,2
54,2
52,2
60,0
34,1
44,1
78,1
57,1
41,1
85,4
71,1
45,1
53,1
66,1
26,1
76,3
50,1
60,1
44,1
25,1
50,1
22,0
42,2
30,0
23,1
31,0
56,3
27,1
38,1
27,0
46,0
196,0
26,0
27,1
74,2
24,2
48,0
30,1
51,0
24,1
27,0
138,3
26,1
65,1
26,1
35,1
61,1
47,0
47,1
39,1
41,0
30,2
62,2
15,0
39,2
46,0
64,3
431,6
111,2
45,2
36,1
37,1
49,2
133,1
25,0
28,1
26,1
37,1
49,0
51,4
131,2
101,1
199,1
32,0
178,1
93,2
168,2
56,1
46,1
34,1
29,1
153,2
51,2
52,1
39,2
113,1
34,1
78,0
30,1
9,1
42,1
89,1
42,1
146,1
36,1
55,2
25,1
61,3
43,1
32,1
104,2
56,1
35,1
27,1
55,0
103,1
37,1
109,2
68,1
54,1
67,1
36,0
62,2
60,2
71,1
33,1
54,3
62,2
62,1
84,1
54,1
19,0
20,0
81,0
23,2
78,2
44,2
83,2
52,1
67,1
59,1
33,1
104,1
29,1
40,1
24,1
45,2
174,1
48,2
28,1
36,1
48,1
63,0
64,2
49,3
52,0
64,0
64,1
36,1
33,1
36,0
15,0
18,1
15,0
47,1
39,0
53,2
26,2
50,1
17,1
15,1
25,1
51,0
40,2
21,0
37,1
34,1
29,1
13,1
51,2
34,1
26,1
28,0
12,0
31,1
51,0
56,1
70,3
63,1
19,0
35,2
12,1
37,1
33,1
47,1
26,1
34,0
40,0
46,0
30,1
16,0
50,2
45,2
39,1
49,1
54,1
32,0
14,0
16,0
46,1
11,0
53,1
21,0
36,2
37,1
48,2
40,1
52,1
34,1
34,1
36,1
47,1
33,1
18,0
19,0
9,0
25,1
39,1
48,1
37,2
24,1
52,2
47,1
42,0
19,1
22,0
49,2
27,1
25,1
58,1
60,1
80,1
90,2
41,3
64,2
37,0
104,2
26,1
37,0
30,0
30,1
80,3
26,0
55,2
20,0
40,2
52,1
7,0
62,2
60,2
38,1
110,2
32,0
59,5
20,0
47,1
15,1
69,1
48,3
18,0
17,0
32,1
43,2
48,1
81,1
36,1
36,1
71,2
59,2
40,2
40,0
100,2
39,1
45,1
31,0
28,0
38,2
56,0
19,1
22,0
62,0
49,1
48,1
19,0
25,0
38,0
53,0
68,3
37,1
28,1
24,0
36,2
27,0
19,1
30,1
36,1
71,3
38,0
34,1
27,0
47,1
72,1
31,2
15,1
55,2
61,3
54,0
54,1
22,0
18,0
48,2
43,3
58,1
20,1
26,0
20,2
45,0
31,0
24,1
64,1
25,0
77,1
21,0
69,2
34,1
36,1
14,0
25,2
18,0
19,1
71,2
74,2
52,1
42,2
38,4
22,1
59,1
46,3
12,1
47,2
28,0
53,1
11,1
19,1
34,2
32,1
45,1
31,1
35,1
18,2
22,0
25,1
23,3
33,1
57,1
35,2
26,2
28,1
19,2
58,1
40,3
27,1
36,3
19,3
24,0
18,1
20,1
36,2
49,2
22,1
22,2
25,1
23,1
18,0
30,3
22,1
12,1
21,1
20,0
20,1
23,1
27,1
35,0
30,1
24,0
35,2
43,2
36,1
22,2
15,0
45,3
31,4
17,1
32,4
15,1
38,1
14,2
13,0
37,0
34,1
36,4
24,0
17,0
13,0
23,1
57,1
24,1
45,1
28,0
29,1
57,2
26,1
29,1
14,0
40,0
15,1
35,2
40,2
42,0
16,1
27,0
45,4
42,3
17,1
33,1
30,1
29,1
44,3
25,0
21,2
24,1
51,0
23,1
27,1
38,1
19,1
32,2
42,2
22,1
14,1
26,0
24,1
18,0
30,1
24,1
39,0
48,4
17,1
37,1
45,5
64,0
55,0
30,1
16,1
7,0
30,2
30,1
60,5
65,2
190,1
26,0
34,1
15,1
30,1
30,2
22,1
32,0
52,4
22,1
49,1
46,5
24,1
40,2
23,1
26,4
63,0
38,1
42,1
39,1
26,0
22,0
18,0
41,1
47,5
38,1
21,1
50,1
11,1
22,0
31,1
23,0
30,1
35,1
27,2
26,1
34,1
52,1
23,0
20,1
17,0
52,2
29,0
13,1
27,1
28,0
52,3
27,4
18,2
32,0
22,1
15,1
28,1
35,1
25,1
27,1
26,1
30,3
30,0
19,0
26,2
34,1
28,1
40,0
27,1
28,0
77,3
46,2
53,1
37,1
67,3
44,2
34,0
65,2
35,1
32,0
59,2
33,1
35,3
64,2
25,1
43,2
64,1
33,1
49,4
13,1
38,2
43,3
33,3
36,1
44,2
34,1
70,3
23,1
33,1
21,1
40,0
45,1
24,1
46,1
19,1
30,3
40,2
46,2
23,1
21,1
44,4
38,1
33,2
16,1
54,2
26,1
33,1
32,2
16,1
41,0
111,1
22,2
29,0
45,2
25,2
18,1
31,1
23,1
37,3
34,3
24,1
21,1
15,0
35,3
25,1
33,3
29,3
52,1
8,0
30,1
55,2
34,1
54,1
54,2
12,0
39,1
44,1
17,0
40,1
25,2
30,1
16,0
65,3
30,1
58,1
26,1
38,2
25,1
31,0
17,3
32,0
72,1
69,2
41,2
27,1
50,3
39,1
41,0
43,1
45,2
53,1
39,3
26,1
31,3
42,2
32,3
47,2
19,2
46,0
44,2
14,1
47,2
29,1
24,1
38,2
48,1
30,2
48,4
31,1
21,0
51,3
36,0
43,1
50,2
27,2
33,1
59,2
35,2
20,0
39,1
28,3
49,2
54,1
20,1
31,1
40,1
29,2
45,2
43,1
35,1
18,2
26,4
12,0
34,1
14,1
144,2
34,2
167,1
25,1
120,2
54,1
91,3
38,2
53,2
33,1
31,0
34,1
25,1
20,1
32,1
63,1
7,0
30,2
34,2
16,1
57,1
25,2
10,0
37,1
31,0
48,1
11,0
24,1
13,0
30,1
63,3
14,0
93,1
12,0
26,1
47,1
18,0
42,2
58,1
11,0
46,2
58,1
8,0
57,1
81,1
145,5
55,2
81,2
82,1
65,1
39,1
61,2
61,1
100,2
62,4
74,2
55,0
34,1
64,3
40,2
119,2
90,4
47,3
40,1
43,3
27,1
74,3
87,4
52,2
86,1
39,3
48,1
43,2
59,5
58,2
47,0
29,2
49,2
156,1
46,4
41,0
16,0
80,4
40,1
33,2
39,1
77,1
91,2
22,1
43,1
47,2
44,2
47,2
56,3
22,1
47,1
22,0
32,1
86,4
37,1
24,1
43,1
99,2
44,0
42,1
40,2
60,1
55,1
30,1
14,0
32,1
37,2
128,3
78,5
50,3
35,1
43,1
47,1
50,1
53,0
34,1
55,2
48,1
65,2
76,1
51,3
41,2
44,2
90,2
93,1
49,0
58,0
34,2
30,1
88,4
30,1
31,1
56,2
30,1
18,1
67,4
31,1
51,2
99,1
18,0
31,1
33,1
30,2
37,0
23,1
43,1
24,1
54,2
66,0
49,1
29,1
115,2
36,1
26,0
63,0
58,1
32,1
29,0
29,1
24,0
31,2
33,0
41,0
10,0
10,0
80,1
38,1
67,4
41,1
52,2
20,1
32,1
50,2
33,2
24,0
142,1
34,2
57,2
26,1
48,2
34,1
32,2
33,4
22,2
18,1
34,1
38,2
35,2
47,1
18,2
30,0
23,1
25,1
34,0
27,3
13,0
35,1
52,1
24,1
12,0
16,3
30,2
11,0
24,1
15,1
26,2
14,0
31,1
12,2
16,1
15,1
28,2
37,1
56,2
59,0
15,0
37,3
11,1
16,1
30,1
37,1
21,0
31,2
22,1
34,1
38,0
14,0
23,1
24,0
16,0
20,1
47,1
22,1
29,2
16,0
15,1
24,1
26,1
58,2
16,0
20,2
15,1
15,1
39,0
51,3
40,1
27,1
28,1
590,2
53,1
13,0
28,1
48,4
19,0
27,1
31,0
82,2
14,1
31,1
26,2
49,3
40,1
80,3
31,2
18,1
19,1
20,0
49,2
26,0
21,1
60,1
22,1
74,1
29,1
58,2
67,0
216,1
28,0
31,1
24,0
12,0
57,2
30,0
13,0
22,0
21,0
50,1
10,0
28,2
75,3
32,1
49,1
45,3
62,3
18,1
52,2
44,3
16,1
18,1
27,0
39,1
45,1
31,0
26,1
32,1
25,3
36,0
18,1
38,3
71,1
49,2
42,2
22,1
59,1
26,1
50,1
42,1
18,1
45,2
57,1
70,3
43,1
28,2
84,1
32,1
100,1
49,1
68,4
64,2
56,2
89,1
285,2
43,1
48,1
49,1
63,1
87,1
52,1
38,2
62,2
82,2
57,1
23,1
48,1
38,1
64,1
35,2
57,1
58,3
76,2
31,1
126,1
69,1
37,1
61,1
46,2
43,1
27,2
64,1
58,2
35,1
132,2
28,0
57,0
47,0
16,0
96,0
37,1
38,0
46,1
89,3
20,1
42,1
18,1
40,1
31,1
55,2
55,1
51,1
28,1
75,1
33,0
32,2
49,1
38,1
37,0
38,1
47,1
23,0
24,1
67,1
81,0
15,0
49,1
18,2
44,2
35,3
9,0
39,0
70,4
48,0
30,0
43,1
52,2
38,2
21,0
54,2
57,1
54,1
64,1
43,1
28,1
29,0
23,2
25,0
42,1
36,1
34,2
14,0
46,0
37,1
74,1
40,1
20,0
13,0
88,1
18,1
29,0
27,0
23,3
42,2
17,1
38,1
36,1
63,1
20,1
44,1
77,1
48,2
34,1
29,1
11,1
45,1
34,3
114,1
14,1
57,1
76,0
55,0
19,1
40,0
29,1
24,0
61,2
4,0
50,1
2,0
24,0
7,0
20,0
43,2
27,1
59,3
86,4
30,1
76,2
70,1
34,3
26,1
47,2
22,3
47,1
22,1
25,1
14,0
27,2
20,0
27,2
42,1
35,1
12,0
46,0
61,2
21,1
26,1
18,1
32,0
18,2
19,0
33,0
48,2
33,1
23,1
36,1
36,1
16,0
33,1
49,1
40,2
22,1
53,4
39,2
15,1
21,0
66,1
49,3
27,1
35,2
43,1
37,1
26,1
84,1
38,1
26,1
68,2
55,2
32,1
41,1
71,3
26,1
40,2
19,0
44,1
36,0
22,2
27,0
17,0
12,1
38,1
22,0
6,0
27,1
20,0
35,1
75,1
39,2
31,1
25,1
27,1
51,3
22,0
26,2
46,1
40,1
48,1
31,0
23,1
59,0
47,1
49,1
54,0
36,4
58,1
55,1
43,1
19,0
53,0
27,1
24,1
61,2
56,1
67,1
68,1
25,0
19,1
33,1
20,0
24,1
15,1
45,1
38,0
35,0
54,1
50,0
39,1
94,1
89,1
30,1
36,1
23,2
25,1
39,1
19,0
84,1
20,1
23,1
63,3
92,3
59,0
54,2
19,1
31,2
31,0
58,0
66,0
125,4
27,0
22,2
16,1
41,2
32,0
50,1
40,1
22,0
27,2
81,4
38,1
28,1
35,1
24,1
30,2
40,0
25,0
39,1
59,2
66,1
33,1
21,1
21,1
31,1
51,1
20,1
92,2
45,1
38,1
37,2
30,2
84,1
53,2
28,1
35,1
44,1
68,1
21,0
44,1
30,2
21,0
34,1
32,1
40,0
24,1
30,0
30,1
40,1
27,1
42,2
29,1
16,2
23,1
31,0
37,1
41,2
34,1
24,2
44,1
36,1
15,0
53,1
10,1
16,0
35,1
20,1
33,2
40,1
12,1
27,0
30,0
44,3
21,0
14,0
44,2
46,0
52,1
18,1
28,0
48,2
25,1
36,1
138,1
28,1
32,1
61,0
30,0
29,1
26,1
45,0
55,0
31,0
40,2
42,2
32,0
30,0
25,1
42,0
25,0
20,1
79,0
22,0
32,1
31,1
34,0
30,0
34,1
19,1
19,1
26,0
21,1
22,0
40,1
26,1
22,0
40,1
54,0
72,4
40,2
57,1
48,1
26,0
43,0
26,1
37,3
53,1
37,2
18,1
101,1
24,1
34,1
26,1
32,1
62,1
28,2
29,0
52,1
17,0
48,1
22,1
43,0
18,0
29,1
23,0
17,1
37,2
42,1
26,0
25,3
18,0
47,1
23,1
29,2
12,0
29,0
22,0
26,2
9,0
31,1
18,1
41,2
55,3
34,1
32,1
57,3
22,1
49,2
25,2
44,2
48,1
32,2
60,2
49,3
73,5
24,1
61,2
18,1
27,2
123,6
15,0
25,0
36,2
53,3
33,1
26,1
27,0
45,1
73,1
31,1
15,0
19,1
30,3
77,3
30,1
39,1
27,0
59,0
47,4
23,0
54,1
10,2
50,1
31,1
20,0
19,1
66,1
53,2
52,2
17,0
35,1
18,1
48,1
27,1
22,1
43,2
277,1
33,1
14,0
19,1
32,1
81,2
30,1
26,0
24,1
36,0
20,1
9,0
23,0
52,2
9,0
19,0
17,0
17,0
27,0
29,2
20,1
12,0
25,0
34,1
33,2
25,2
56,0
20,1
27,1
30,0
35,0
44,1
35,1
14,0
32,1
46,1
40,2
21,0
37,1
62,4
18,1
30,1
38,2
59,2
193,1
37,1
35,2
43,2
14,0
67,2
34,1
25,1
52,1
72,1
27,1
27,1
17,1
10,0
31,1
42,1
16,1
30,1
30,1
12,1
63,0
19,1
58,0
34,0
22,0
47,2
21,1
26,1
23,1
34,1
62,0
28,0
52,1
21,1
10,1
39,1
33,1
32,0
35,1
48,2
30,1
147,0
37,1
27,1
42,0
14,1
26,2
17,0
23,1
38,1
28,1
24,0
18,1
44,1
35,3
21,1
20,0
12,0
27,1
33,2
23,2
50,0
30,0
34,1
33,1
22,2
13,1
23,2
21,1
22,0
31,1
13,0
40,1
66,1
33,0
41,0
26,1
24,0
62,2
57,1
81,1
85,3
30,0
66,2
15,0
92,1
27,0
20,1
24,0
40,0
37,2
35,2
40,1
38,1
41,1
29,1
40,0
39,0
16,0
32,1
22,1
17,0
33,1
42,0
21,0
46,0
52,0
73,1
26,1
34,1
20,0
33,0
35,0
36,1
51,1
29,1
35,1
49,1
41,1
26,0
48,0
35,1
32,1
36,1
35,1
45,1
38,1
104,2
13,0
11,0
35,1
28,2
14,0
23,0
16,0
11,0
22,1
25,1
31,2
12,0
41,0
20,0
19,1
20,1
41,0
45,1
43,1
61,0
20,1
11,0
36,1
36,3
59,2
21,0
34,1
24,1
44,3
31,1
46,2
1075,1
48,1
148,1
17,0
34,1
18,3
29,1
31,2
72,1
75,4
55,3
41,2
49,2
120,3
22,0
42,1
19,1
94,1
58,1
42,2
43,2
29,1
37,1
21,0
32,1
44,0
50,1
37,1
63,1
59,2
31,2
29,1
24,1
38,1
55,0
36,2
33,1
45,1
30,0
21,1
24,0
28,1
56,0
39,1
36,0
49,1
57,1
38,1
58,1
25,1
30,1
166,1
45,1
139,1
75,0
45,0
43,2
17,0
101,1
29,1
40,0
79,1
21,1
45,0
19,0
17,1
9,0
28,1
54,1
33,0
7,0
21,0
13,1
35,2
49,1
31,1
26,1
34,1
49,0
26,0
30,2
59,4
18,2
37,2
43,1
15,1
28,3
35,1
58,2
21,1
38,1
65,1
30,1
46,2
31,2
33,1
27,1
50,0
19,1
35,2
21,1
43,2
17,1
44,2
27,2
37,0
36,1
53,3
17,1
30,0
42,1
107,3
73,0
34,1
48,1
42,2
61,3
6,0
57,0
35,0
51,1
21,1
20,1
48,0
27,1
37,1
73,0
34,1
25,0
42,1
20,0
35,1
17,1
34,0
17,1
19,1
11,0
28,1
44,1
31,2
32,2
24,0
222,4
64,1
91,4
45,2
56,1
42,1
67,1
44,3
79,2
22,1
46,3
45,1
58,1
24,1
29,3
75,1
33,1
48,1
24,1
45,2
36,1
37,3
20,1
22,1
24,1
23,1
42,1
30,1
24,1
38,0
26,1
29,1
17,1
26,1
33,1
30,1
17,1
28,1
35,1
35,2
46,1
28,0
13,0
47,0
26,1
33,2
40,1
35,2
35,1
34,1
12,0
22,2
29,3
39,0
54,1
27,1
31,0
49,1
31,3
57,1
36,0
30,1
16,0
72,1
26,1
16,1
31,1
27,1
14,1
65,2
19,1
29,1
11,1
5,1
35,0
10,1
58,1
10,0
39,1
8,0
20,1
19,0
18,2
18,0
38,3
25,0
113,1
8,1
48,1
49,1
34,2
27,1
23,1
20,1
28,1
36,0
41,1
29,1
36,1
14,1
72,2
37,1
78,2
36,2
60,2
48,1
77,3
49,3
21,2
90,1
97,2
43,3
28,2
58,1
45,1
28,3
36,0
30,0
26,1
16,1
9,0
19,1
13,1
26,2
8,0
46,0
10,0
39,1
22,1
21,1
36,0
20,0
47,0
14,0
14,0
24,1
21,1
10,0
43,1
153,1
49,1
40,1
18,2
28,1
46,1
19,1
28,0
209,2
147,3
25,1
12,0
42,2
203,0
42,1
32,2
100,0
28,2
56,1
35,1
34,2
33,0
39,1
39,1
22,1
23,0
35,2
46,1
9,0
28,0
31,0
40,1
18,1
39,1
41,4
116,1
42,3
40,2
39,2
36,3
48,6
53,1
36,1
35,1
27,2
20,1
29,3
59,2
57,1
46,2
33,2
24,0
23,1
68,1
34,1
24,0
24,0
168,1
15,1
24,2
28,1
29,0
62,2
32,1
14,1
75,0
34,0
53,1
26,1
34,1
27,1
23,0
27,1
35,1
28,1
32,1
77,1
35,1
65,1
17,1
31,1
22,1
50,1
18,0
29,1
38,1
27,1
25,1
17,1
41,1
43,0
44,0
55,1
38,1
10,1
20,0
37,1
31,1
28,1
49,1
22,1
55,1
50,1
43,3
25,1
84,1
61,2
24,0
40,1
67,2
43,1
51,2
29,0
40,2
27,1
31,1
35,1
40,1
23,1
24,0
47,2
29,0
22,0
39,0
12,0
29,0
46,1
51,1
24,0
38,1
66,4
88,2
41,2
34,1
54,1
25,1
43,2
39,2
45,2
27,2
41,0
133,3
59,1
74,2
45,1
31,0
46,1
19,0
55,1
48,1
33,2
40,4
43,2
28,0
155,1
23,1
58,0
36,2
54,2
47,2
26,2
29,1
31,3
11,1
23,2
12,1
16,0
21,2
34,0
21,1
23,1
31,1
18,0
32,1
24,3
26,1
18,0
28,1
48,0
29,1
53,1
23,1
53,0
54,2
252,2
11,0
12,1
39,0
5,0
13,0
39,2
29,2
27,0
62,1
70,0
61,2
57,1
46,2
52,2
71,2
45,2
20,0
39,1
63,1
29,3
60,1
24,2
17,1
130,1
39,1
45,1
32,1
22,0
46,1
44,1
25,0
726,5
41,1
507,3
35,1
18,1
46,1
15,1
36,1
20,1
21,1
17,1
35,2
70,2
29,2
28,0
29,1
19,2
54,1
14,1
26,1
37,2
8,0
32,1
14,0
29,1
23,1
15,0
21,1
25,1
27,0
21,1
25,0
54,2
32,1
36,1
18,0
10,0
14,0
14,1
13,0
47,1
50,2
30,2
50,0
12,0
21,1
38,0
33,2
32,1
45,1
66,1
27,3
13,0
39,0
26,0
42,1
43,2
36,1
57,1
53,1
24,1
52,2
56,1
34,1
30,1
39,2
12,0
43,1
14,0
19,1
29,1
10,0
18,0
75,2
115,3
57,1
36,1
35,1
44,1
106,2
27,0
35,0
45,1
27,2
6,0
9,0
26,3
28,0
17,0
31,1
32,0
34,1
16,0
78,1
30,1
36,1
36,1
29,2
28,0
28,0
39,2
23,1
29,1
43,2
46,1
89,1
20,0
50,1
11,0
40,2
58,1
19,0
31,1
25,1
25,2
43,0
15,0
34,1
5,0
37,1
11,1
9,0
10,0
88,0
27,1
23,2
15,0
13,1
21,0
22,1
38,0
14,0
78,1
67,2
93,0
18,1
12,0
20,1
45,0
46,0
25,0
26,0
33,1
24,0
22,1
4,0
31,0
96,1
47,0
28,0
38,0
878,3
47,1
30,1
48,2
21,1
23,1
17,1
49,0
65,2
31,0
44,0
30,1
121,0
23,0
71,0
38,0
12,0
32,0
26,1
48,4
49,0
48,2
21,1
38,2
15,0
21,0
27,1
101,2
30,2
20,1
93,1
27,1
39,0
25,0
107,2
55,1
62,1
105,0
72,0
157,1
117,0
119,0
18,1
29,1
36,1
31,2
10,0
23,1
21,0
22,1
20,0
25,1
117,1
39,0
29,2
33,0
246,2
96,4
51,1
38,1
62,1
36,1
50,1
156,2
49,2
88,2
52,0
36,1
26,0
35,1
16,0
20,1
12,1
33,0
31,0
53,1
62,0
83,1
52,0
36,2
83,1
76,2
25,1
43,1
69,0
18,0
21,2
28,0
34,0
25,0
23,0
15,0
13,0
11,0
30,2
33,0
26,1
32,0
33,0
90,1
19,0
19,2
35,0
9,0
7,0
40,2
41,0
17,1
133,1
43,1
32,1
28,0
22,0
28,0
23,0
47,0
26,0
13,0
12,0
9,1
8,0
24,1
42,0
79,1
107,4
27,1
22,1
37,2
35,1
4,0
11,1
32,2
19,1
32,1
66,1
166,2
31,2
61,1
57,1
27,0
146,1
45,1
21,0
19,0
28,1
29,0
46,0
14,1
26,0
98,1
101,1
35,0
51,0
10,0
39,1
41,0
27,0
10,0
11,0
23,0
33,0
18,0
22,0
18,2
19,0
8,0
13,0
31,2
26,1
18,0
29,1
27,1
22,1
38,1
19,0
35,2
41,1
22,0
43,2
69,1
14,0
19,1
14,0
52,1
37,2
38,1
18,1
35,0
41,1
14,1
11,1
33,1
25,1
6,0
27,0
47,1
32,1
29,1
19,0
4,0
21,1
23,2
27,0
18,1
28,2
31,1
47,2
20,1
27,0
62,2
26,1
21,1
15,0
31,1
26,0
15,0
84,0
15,0
21,0
34,2
38,0
46,1
25,1
24,1
15,1
16,0
42,4
193,1
20,0
66,0
4,0
25,0
99,0
46,1
51,2
23,1
20,0
47,0
23,0
26,0
14,0
14,1
6,0
23,0
16,1
18,1
60,1
101,2
103,2
27,2
12,0
88,1
24,0
133,2
28,3
34,1
56,1
50,1
51,0
9,0
14,1
21,1
39,1
20,0
36,3
20,0
41,1
178,2
24,1
43,2
58,0
31,2
19,0
57,1
55,2
41,2
37,3
28,3
29,1
40,1
26,1
29,0
43,0
13,0
24,1
33,1
17,0
38,0
108,0
58,1
12,2
31,1
28,0
35,2
30,1
52,3
23,1
85,1
56,1
64,1
129,1
8,0
48,3
41,0
47,1
14,0
27,0
45,1
36,1
24,0
40,1
57,1
27,2
43,0
