Reputation,View_Count
536,45
2830,71
135,25
1,46
50,60
8,33
172,38
1576,63
61,45
73,29
3,61
61,28
66,14
19,37
553,42
24,87
141,80
83,51
43,86
7,79
136,45
1,56
950,97
26,30
8,45
114,41
8,53
355,118
253,25
31,38
35,40
29,47
20,34
32,24
969,50
59,24
4871,137
3063,212
16,25
223,235
125,29
155,264
32,39
1,31
407,199
115,15
921,149
60,33
23,40
139,61
36,24
20,22
111,64
15,48
49,41
730,53
113,22
6,63
1,55
731,57
2152,60
1,28
151,51
55,47
5007,54
26,60
22,35
332,49
872,49
9,32
10,34
183,27
15,42
81,50
233,70
106,40
86,35
4333,18
536,30
722,90
6,39
127,37
133,32
318,43
57,72
40,30
425,349
1,34
8,49
1075,89
513,40
8,38
28,75
1184,22
51,31
365,41
314,59
383,62
396,46
192,72
1785,123
63,71
134,94
23,70
444,94
73,60
1294,85
18,37
162,38
38,116
639,29
1,24
1,42
16,51
21,46
634,54
1,56
569,16
2307,37
64,31
13,33
1,25
6,23
48,63
2006,51
34,88
48,37
21,29
87,48
1,37
51,69
290,59
2261,95
875,23
669,13
1,69
9812,61
9812,60
767,30
650,72
3645,43
66,15
171,32
103,45
48,50
1459,44
30,53
1,41
717,62
5494,35
8,17
6,47
16,23
355,45
22,60
11,24
126,43
114853,66
32,34
11,34
34,27
1062,79
57,39
15,63
1,38
8,37
140,47
6,30
168,43
26,76
4568,117
9,59
136,18
3,20
139,39
1,51
180,45
1,37
39,54
167,44
911,41
1284,25
42,48
42,40
21,36
211,41
23,68
5,82
1,47
16,32
5,39
157,24
336,23
70,38
105,56
66,64
354,28
449,35
321,40
68,34
1,41
135,40
1921,63
53,49
1,29
85,27
63,36
2094,27
346,29
31,38
827,39
24,37
89,33
740,25
1,41
55,31
1,41
653,72
28,33
19,34
61,42
1249,30
29,85
22,43
465,74
1545,39
54,39
92,25
11,71
21,121
7,34
6,42
76,32
382,79
134,63
9,74
6633,39
319,38
11223,13
1,25
868,48
6,41
6,27
443,26
1,52
781,51
115,42
176,40
17425,35
85,33
63,21
1228,66
1010,28
1185,41
318,27
6,40
1,32
35,37
2607,46
2,47
144,45
16,43
164,22
20,31
6,37
18,41
2729,42
323,35
8,69
1,36
633,24
492,41
6,47
320,35
22,32
2217,23
140,14
1,18
81,17
22,39
684,47
182,41
536,25
332,18
254,21
18,32
862,12
5282,52
2459,49
835,61
8,32
633,29
1030,29
1,26
642,55
47,22
603,30
1,30
56,11
36,24
21,30
37,29
1498,32
87,41
805,33
52,23
1249,30
104,41
1,71
16,35
1,23
20,123
330,38
6,20
6,51
20566,26
55,44
35,40
3219,81
5,14
9,61
158,35
1,21
44,13
13,44
111,23
13,46
1000,53
60,27
5,14
68,41
6,40
1,37
11,39
14,25
124,29
169,34
114,15
8,41
65,37
141,44
16,24
56,24
1392,47
157,21
26,24
1142,30
44,16
1,27
465,37
37,31
9,30
1,27
720,65
27,40
5448,40
3,31
25,23
197,47
9,28
43,20
361,36
20,20
1249,25
114,40
6,30
63,36
6,32
115,48
1065,23
49,36
11,35
12,18
3084,57
142,73
1,20
13,26
57,25
74,42
2699,27
230,35
95,20
324,30
3,18
4968,44
65,36
872,29
1184,41
52,34
13,53
351,30
441,50
1,17
338,42
950,15
31,35
165,30
1,27
13,38
1016,30
580,74
319,27
3,32
69,45
540,59
6,7
3,24
717,41
107,27
1,21
63,22
20,23
50,47
361,134
21,22
18,43
38,21
170,32
346,69
41,75
2166,21
152,58
698,38
307,35
339,31
3,42
115,31
34,20
3,23
155,28
13,31
1,45
190,37
7391,28
1,36
42,33
532,48
3,27
130,13
317,26
7,22
1021,47
440,27
607,29
3,31
43669,18
6,38
1607,41
1,34
5956,27
246,34
683,17
35,34
140,66
663,21
60,35
46,19
53,27
59,35
53,42
21,28
3629,31
588,20
320,35
1321,24
38,34
31,58
764,27
569,24
66,17
4832,10
6,53
426,58
128,31
21,11
21,17
22,22
4696,63
11,32
1,31
2,24
57,51
18,17
50,33
326,21
137,45
338,34
39,36
54,26
1,58
2280,38
268,33
13,27
13,35
1,19
396,20
619,18
6,28
16,22
37,36
3545,58
31,111
65,41
78,18
6,60
440,40
11,35
6,41
54,44
11,49
150,36
1,31
23,44
1427,95
50,36
347,46
29,42
26,31
4375,34
16,32
40,26
5,40
1,34
19,26
9369,57
195,43
197,53
3,110
1,34
3,21
11,49
4,51
150,27
57,35
1462,22
359,12
11,15
648,10
1,36
345,37
1,29
457,23
181,26
15,45
3507,25
88,43
29,80
23,19
9,26
14,29
1,37
1087,7
11,29
29,77
314,134
359,18
1274,51
30,28
42,54
1,51
827,16
975,47
209,31
560,19
438,157
436,30
79,29
31284,52
30,28
357,46
4,55
16,65
71,40
472,68
131,37
1,29
6,37
918,14
28,19
195,83
191,55
759,42
1542,42
48,42
97,40
15,15
298,38
3,39
1,27
37,51
140,55
90,33
532,48
169,26
18,36
13,37
27,45
1,19
390,21
48,59
565,35
1,47
15,25
16,87
62,29
634,79
601,27
560,26
187,40
17,30
18,77
1,30
18,17
10,52
324,172
64,107
1,32
1230,43
1355,58
1,25
975,27
99,19
101,30
1109,72
8877,58
12,31
20,21
6,40
14,23
332,26
57,40
159,20
11,37
121,12
1,54
73,19
345,5
66,30
1401,34
4032,21
80,21
59,49
1,60
21,18
91,23
3,74
102,20
88,28
1,37
106,46
3,24
82,53
40,40
46,21
144,53
569,26
26,37
91,34
459,35
30,66
1078,32
39,43
11549,60
135,35
1062,50
115,45
15206,47
721,65
171,30
33,27
1665,33
873,39
8,28
328,47
209,40
334,33
323,27
52,44
600,61
1286,33
3,43
13,18
195,29
1,32
904,29
187,61
216,63
266,43
98,31
512,33
53,47
485,38
1,28
1137,32
107,35
771,42
8,29
6,44
1,17
934,52
39,25
621,32
33,30
903,38
7,51
54,26
1,34
92,38
818,38
3,32
75,40
7,21
8,58
33,28
11,67
2607,28
383,28
451,38
150,18
892,54
2134,42
17,43
1036,17
858,64
109,30
91,43
2398,19
8,50
505,77
759,36
1,52
13,27
75,31
8,71
189,47
225,85
50,33
1,66
1,19
11,40
7559,35
19,42
1,54
118,31
31,28
420,130
1000,24
1566,40
23,53
444,24
93,37
462,48
436,29
45,86
61,28
9,61
943,39
2059,71
13,11
212,35
585,48
16,104
61,40
55,24
3,39
164,25
91,25
24,47
127,30
14,58
3,16
239,30
5,28
23,72
649,23
126,27
17,32
172,51
26,51
1,51
434,69
4827,42
572,32
107,33
3,46
1404,24
2222,47
1,69
47,54
1,37
850,62
1,69
2976,24
13,31
6565,51
174,99
254,41
525,31
2316,58
1601,43
84,39
33,11
225,20
361,23
51,51
201,51
1,29
3,17
375,53
37,43
1102,29
166,52
3,18
254,35
18,19
5121,21
2,38
50,95
25,23
1,14
23,21
840,19
120,25
307,26
85,20
3,33
21,44
1382,35
1,26
526,30
23,67
45,38
97,45
3,56
18,31
135,29
72,53
15,23
2475,53
21,13
185,22
209,33
422,31
104,23
97,32
1,19
11,67
440,38
148,50
1,18
18,36
1462,29
52,68
3,20
771,55
476,34
3,94
548,37
136,141
4,57
185,14
26,37
53,36
322,61
16,19
10,16
234,31
37,53
2858,23
2188,11
526,38
2467,28
298,45
1483,68
5,54
85,47
4,68
37,35
1,20
1,16
15,37
16419,42
1390,35
45,50
455,26
1251,38
50,27
40,19
8,31
153,46
714,32
64,35
72,22
11,73
329,25
6,11
151,39
160,46
14,19
24,27
63,66
44,101
2136,32
118,43
11,55
438,41
153,45
110,14
2732,49
835,35
44,42
15,37
61,23
22,33
52,23
1462,22
592,25
156,18
1406,165
20,51
115,18
6,43
21,47
48,13
572,51
18,27
20,25
75,18
59,21
6,43
144,34
3,25
1358,63
26,43
75,10
603,71
102,58
34,28
2247,55
17,48
991,44
13,27
4,32
54,34
28,68
6,44
85,16
2808,30
2601,88
73,53
4,35
355,10
3992,31
418,47
52,32
462,31
1,14
1,56
302,41
347,32
692,28
5,46
2934,28
1,32
1,26
835,67
181,23
1065,34
26,29
33,82
81,36
353,32
107,39
7,56
13,51
1,22
112,38
1,41
31,50
159,24
31,39
1,19
3505,44
2139,43
692,44
254,20
5453,56
51,36
65,30
52,16
5,23
59,18
479,47
2,65
3,41
406,33
194,24
1,49
3,68
108,27
1,22
10,23
101,16
384,54
548,30
8314,77
11,33
873,33
288,30
32782,24
6,184
342,39
1,21
18,34
9,15
21,44
1127,31
1,35
1,34
71,36
873,26
7,34
13,31
1,11
30,28
8,24
16,22
158,31
402,31
10,37
41,21
1265,28
306,27
903,30
9,51
251,36
1,36
767,26
122,10
1639,34
32,41
3,43
83,201
832,21
19,55
37,62
11035,33
13,28
131,28
19,21
74,151
6,18
5,57
1,114
6,56
18,29
455,41
354,32
13,25
168,33
407,44
1,24
49,49
142,25
238,141
328,145
2023,191
23,47
37,28
23,56
240,61
140,170
67,33
2214,80
7992,49
6,37
381,38
705,28
165,106
36,83
6,23
9,26
2288,221
325,137
6,30
1,47
1258,135
507,56
119,131
2133,39
80,47
11,109
3179,43
1462,21
4963,77
6,22
6,79
8,62
150,24
8,82
66,75
241,43
5398,37
3,41
64,38
162,108
1,86
115897,87
380,44
6,65
83,69
9,44
219,445
10,43
8,49
11,56
2625,38
23,55
5113,110
1,45
43,56
346,78
1,24
1200,49
23,31
1,42
2928,92
61,44
1,36
21,37
13,44
1,91
313,544
70,47
3,20
407,47
11,66
1,20
20,39
33,50
2,63
1,29
62,67
6,44
3,52
6,34
11,53
116,70
11,58
807,21
614,41
59,27
191,29
744,92
122,52
119,54
33,50
88,83
29,75
1,35
57,58
1,15
29,48
802,30
8,33
89,39
17,50
1,45
26636,34
129,143
102,86
19,48
22,48
306,83
19,92
1,67
1,39
363,52
11,50
55,72
6,40
99,31
137,43
383,75
18,52
320,90
502,112
1,53
16,99
53,40
2156,38
22,57
96,62
102,74
22,71
16,39
43,74
2712,56
55,45
1,27
1,30
499,40
440,57
48,64
40,34
1434,42
252,42
8,32
11,16
14,42
369,80
4757,25
16,42
27,55
1,27
55,57
1421,31
154,53
4917,42
10,38
8,99
4,58
113,21
90,33
116,51
27,84
20,37
53,51
2515,21
135,20
26,19
1,52
27,41
101,47
1,52
1,91
3,45
136,42
11,23
6,92
1,55
3,15
5,46
29,79
45,13
3,48
5,33
13,20
8,26
1,52
1007,32
131,36
73,49
1,50
84,30
27,53
1,37
131,14
1,47
8,21
111,19
197,21
343,28
15,25
87,17
53,18
9,45
42,38
147,35
20,128
8,14
8,43
1,33
63,70
1,26
3572,22
20,39
14,28
24,35
1,26
1981,27
21,39
78,31
40,38
1,37
163,34
6,15
3,41
5,40
1,33
37,28
80,27
1,17
3,38
6,39
1,16
170,22
661,45
857,74
50,56
43,44
322,39
4397,15
1,36
4,47
6,36
103,79
30,33
382,44
11,29
510,64
3,25
114,24
65,23
11,81
101,20
170,87
1,49
101,39
57,11
28,42
805,30
44,25
24,29
131,24
1,22
4757,34
8,45
78,21
8,94
6,30
19,46
1,63
373,86
1,11
15,39
15,25
21,38
137,20
23,21
2905,43
1,22
26,74
44,29
90,33
11,10
1,59
6,13
8,54
1,29
3,29
10,24
61,65
512,53
584,41
28925,48
9,9
63,33
110,16
78,18
73,38
791,26
135,26
155,22
22,67
134,24
33,17
1,35
115,45
1,42
73,39
179,81
1,12
83,49
3,30
11,27
2,53
16,20
1,51
139,44
6,15
101,41
5352,28
3,59
31,46
13,37
3,24
501,35
3,33
10,12
161,14
18,62
25,52
58,25
6,10
36,27
16,15
1,47
167,47
326,24
6,98
1,15
10,56
128,44
57,41
158,28
6,25
6,22
11,57
1041,20
8472,26
8,33
85,46
8,53
9,38
150,27
9647,134
1139,27
672,28
1,53
92,30
11,27
32,36
35,22
1681,26
1443,59
59,34
1,43
866,29
3,32
1,18
69,28
28,25
15,17
253,47
10,34
98,34
482,63
16,34
6,25
15,47
146,40
50,52
147,18
3,28
623,90
61,20
8,63
18,33
6,6
5447,72
61,62
51,38
32,44
92,22
14,15
486,35
84,53
494,62
8,51
2596,74
44,50
125,9
31,28
6,24
26,34
5699,65
6,11
1870,62
1,74
1144,31
37,30
324,22
382,23
21,56
2,33
68,69
22,44
2308,51
14,41
33,29
3534,17
1,21
14,72
6,51
471,28
8,31
180,29
263,36
22,24
21,32
1,26
59,15
1,14
709,24
63,49
115,60
7,40
106,15
1630,76
18,45
8730,68
20,25
29,36
12,91
200,50
11,29
27,16
1,47
3,34
17,36
416,81
21,66
11,17
1253,39
9,38
1,18
138,45
321,31
101,67
10,30
10,52
66,23
11,30
182,36
146,31
16,20
13,50
13,18
36,22
379,47
1,40
320,29
671,62
40,68
101,46
13538,44
58,28
1447,24
3,38
17,41
9,70
364,30
1,19
932,39
25,30
20,60
6,35
4,57
8,51
1226,36
25,40
11,25
69,24
486,19
214,29
331,59
1,23
47,30
3,15
67,37
10,50
1258,31
8,23
2646,34
322,44
41,36
30,34
1,60
6,36
448,100
31,24
440,48
61584,81
18,16
6,57
18,48
65,32
88,47
11,23
3,25
1,38
7,25
6,31
19,24
38,35
170,67
207,37
7148,25
21,53
1,39
23,15
32,47
1,52
125,56
6,58
105,53
37,21
69,68
23,24
127,109
11,49
934,39
62,29
50,22
8,33
144,55
356,25
3,60
44,48
146,57
91,43
15,40
67,44
21,45
14,31
436,44
338,46
31,50
159,32
1,43
6,17
800,34
18,42
9,17
119,84
14,35
1373,33
42,35
9,65
1,19
99,33
323,39
159,33
370,66
15,48
6,33
7,51
984,42
36,18
140,21
10,49
2,39
83,137
1572,29
1,25
969,48
22,26
21,44
11,73
85,22
43,46
3940,40
497,37
119,51
17,28
342,81
16,35
1,24
15,37
11,22
8,29
227,26
30,56
160,39
5,32
255,88
14,44
3371,34
12,49
416,66
26,55
13,36
1,18
330,32
97,77
606,24
12,20
162,32
376,23
6,94
3,32
35,46
13,26
328,43
11,12
20,21
47,31
4799,88
3,31
18,12
6,28
19,32
25,42
1,29
7,51
21,32
7,33
140,23
616,40
6,30
1,47
38,44
137,17
1,24
26,42
18,97
16,40
50,50
192,28
162,68
8,21
149,30
104,36
790,24
233,17
15,33
6,27
31,20
13,32
709,51
1,20
147,25
565,16
50,51
5,29
334,26
24,35
328,75
6,50
14,19
4,45
6,44
39,58
179,37
303,36
1047,27
517,15
325,53
26,38
20,32
3371,63
3,23
74,70
10,39
3,37
1083,36
73,24
18,24
6,23
6,33
1,25
36,36
175,33
5,40
1,26
1,35
2298,50
3,21
10,46
4,29
49,49
3,31
97,31
27,20
156,27
21,40
16,28
33,14
5,63
34,24
104,15
6,19
1063,35
18,41
3305,19
28,55
321,63
106,54
1974,17
1,17
8,41
20,51
71,73
45,47
233,27
593,27
38,26
22,26
29,19
43,23
48,39
9,54
6,36
1,39
1,20
388,63
19,30
24,18
2625,37
117,37
3,27
12,92
103,47
3,48
28,23
50,40
8,28
20,24
18,63
632,103
166,28
3371,34
329,18
15,25
390,40
12,25
61,24
13,25
104,15
3,15
125,26
3305,10
165,40
28,24
476,18
22,35
20,34
14,17
1,9
18,70
28,44
3,29
41,12
8,40
3,47
30,51
190,30
12,33
84,26
1444,22
8,51
3,38
36,68
161,33
11,73
14,26
1,62
2023,62
31,22
347,35
17,93
195,52
9,25
3,50
6,27
1,19
9,37
58,43
141,37
22,29
1,22
20,52
3,28
50,29
142,39
10,32
12,47
6,33
8,25
88,36
1,50
89,16
188,44
150,29
230,25
54,105
71,79
402,472
434,33
88,68
151,438
46,17
13,32
3,36
549,25
90,17
45,74
41,33
515,71
52,71
11,77
861,24
13268,271
313,36
567,35
114,28
5097,31
830,29
142,89
181,645
353,24
43,52
11,52
2073,42
21,49
343,72
27,38
46,184
28643,63
745,44
23,77
461,105
1394,48
3983,31
237,89
31,36
1,16
159,502
13,91
3,37
13692,56
7548,52
4,48
163,32
56,45
8,55
126,48
76,36
481,24
126,76
442,80
65,31
9228,32
3176,83
1926,30
174,21
106,31
31,30
3,54
182,107
15,19
483,54
83,28
1,26
2054,52
21,47
11,39
3,51
1412,25
86,24
140,27
120,75
34,66
13,39
39,57
100,107
6,33
7,66
66,33
2006,23
2559,37
861,75
1,57
15,45
3,77
317,23
100,49
23,105
8,40
1,44
1,52
20,79
92,41
14,57
53,40
1648,54
495,40
468,27
14,53
164,66
25,67
43,36
655,117
33,50
6,48
89,148
1,25
757,70
3057,24
6,70
606,149
17,46
33,40
189,24
10,32
21,59
329,37
446,32
615,116
985,41
8,31
460,98
1399,65
1,57
25,23
2518,87
481,64
395,106
49,73
70,75
75,199
84,48
44,39
351,56
12,45
22,77
2171,89
69,32
157,21
19,104
31,27
6,75
11,38
566,51
3,35
1212,64
40,38
21,30
181,36
174,45
320,26
1,57
122,79
85,21
49,24
8,35
129,35
25,36
13,66
608,74
49,34
18,21
10,45
182,57
34,46
305,78
6,30
135,76
1519,83
63,71
479,56
48,44
314,66
1,38
65,62
8449,54
208,32
40,24
3,57
23,45
301,58
6,32
81,47
91,18
13,30
1257,29
844,45
7,20
85,35
382,32
293,25
70,30
91,46
25,22
1592,16
16,40
3,41
29,24
27,65
4260,37
6,29
362,21
1394,42
150,21
39,37
6624,43
676,21
29,42
1568,68
1,13
19888,17
5,76
2269,39
7,51
3,21
18,63
450,50
704,69
7476,26
790,37
1,39
1065,55
147,27
11,62
24,44
5606,37
17,49
8,62
9,18
8,57
483,17
3384,43
106,39
1845,30
51,21
36,33
6,35
25,54
472,46
126,43
84,38
1,48
175,48
426,35
801,40
5,47
81,48
1568,26
472,19
1,32
1,28
689,119
57,59
3,27
158,17
1,42
59,30
33,80
18,55
18,51
20,23
37,62
120,21
1,28
6,16
5,39
8,37
1,28
2682,25
86,24
1393,13
13,30
2792,93
73,40
2291,44
11,36
41,44
53,13
29,34
574,26
343,28
15454,65
55,70
46,52
161,39
26,20
51,33
1,65
3906,92
378,118
1440,40
398,44
106,53
300,35
369,30
1568,35
6,58
5240,37
120,25
40,22
1,45
802,8
1,10
1,38
35,36
30930,51
134,29
195,32
510,14
35,86
43,17
1,23
5467,48
374,28
540,32
24228,98
3,53
10,46
19,39
167,51
1004,18
85,54
8,57
11,44
1862,33
8,62
43,20
47,49
3,38
79,23
1,14
299,59
35,14
122,45
15,69
4652,46
11,38
23,42
130,26
153,31
449,47
10783,49
5,38
98,17
460,18
181,66
1416,18
1597,31
35,29
1,29
15,34
47,33
117,26
4968,54
4552,97
7,47
1,49
1,28
34,26
449,25
23,37
39,56
65,21
614,25
6,18
64,22
40,45
106,38
1,31
794,32
655,89
953,23
543,59
535,63
25,44
483,49
53,39
839,21
320,27
1568,30
1,23
190,43
6946,51
59,135
62,35
735,65
7101,150
1,19
6,27
640,59
814,57
48,46
6,32
8,52
299,44
68,28
33,31
395,59
7534,46
16,20
75,32
366,62
6009,31
529,72
765,25
2138,18
795,23
11,25
1,40
1,35
9,49
1,26
3,48
59,29
12905,53
18,67
1,36
51,36
23,36
3,40
16,41
772,73
21,49
23,53
189,55
37,14
327,46
119,67
34,50
431,16
4571,65
1,39
316,21
468,56
15,32
2695,89
10,38
34,37
325,35
22520,13
3659,44
11,46
1221,37
8,62
9,13
195,36
1,31
29,90
552,42
34,19
21,36
905,25
180,617
16,197
530,24
10,40
13,18
1,36
6,30
1782,47
22,51
2695,46
15,22
321,20
38,53
25,30
16,20
293,40
3545,55
25,31
39,33
1656,58
7391,38
121,49
6,43
66,48
78,18
431,91
109,108
6,16
4788,37
24,22
226,69
354,10
3545,37
40,64
545,40
59,35
330,52
15,113
53,23
20,66
174,14
3,64
1165,24
8,30
1,32
90,43
58,38
1,25
32,27
4,118
6,54
1,48
7,35
3,68
1,40
31,50
516,39
74,39
154,54
460,42
314,51
1,30
1,20
99,79
812,99
142,54
6027,22
80,30
1,84
11,13
37,70
1,29
215,40
825,21
105,77
463,16
8,25
1,54
8,73
1,94
91,65
1245,21
1,20
389,48
11,38
10,56
301,40
3,27
41,22
6,47
3,40
111,30
301,24
51,45
18,34
54,36
6,47
1,430
378,27
1105,36
27,38
3453,52
6,31
1,47
76,67
182,176
6,55
50,44
326,70
33,33
384,26
1057,41
384,55
73,29
40,51
1,46
35,37
293,35
81,28
59,35
474,173
6,34
1,15
111,41
8,25
1,113
841,83
687,55
3695,35
4536,22
1,24
121,57
12,52
1230,46
2049,41
111,81
4074,23
19,43
257,83
7449,47
884,50
30,33
1,45
3,36
6451,33
992,31
6,80
32,41
9,52
63,31
11,35
93,40
10,41
25,33
6,52
15,52
9,24
157,47
1,16
30,56
12,65
39,35
1,88
96,39
11,28
1,49
11,40
15,27
11,45
16,23
35,37
8,24
23,25
418,32
35,34
163,55
2,36
3676,53
1,7
1899,39
1,29
144,47
208,37
8,46
8,40
704,33
21,36
3,61
8,49
70,39
45,29
16,100
79,53
617,40
6,45
315,47
104,55
1432,60
29,52
117,38
3,36
116,32
30,31
6,34
975,35
4611,29
13,41
6,57
15,52
8,51
106,33
220,47
3,26
1483,44
1,47
1,30
1,18
900,41
5650,54
8,40
11,30
84,52
32,46
63,59
876,42
137911,38
11223,31
135,52
11,59
93,23
27,44
17,44
1105,41
69,34
6,20
67,26
1,38
130,37
1525,26
3,29
1,28
11,12
76,38
172,34
1,15
41,27
525,37
82,20
446,43
8,58
1,57
1696,109
1,12
1404,30
15,41
440,40
507,28
13,37
7111,16
8,73
370,46
393,10
193,27
1,12
1,56
57,56
514,16
18,16
2016,31
144,51
12,41
57,37
2749,56
166,43
16,18
28,25
987,33
18,61
5,21
51,23
438,41
1,34
6,36
1,40
112,48
60,33
33,55
325,42
1,24
897,35
698,40
1,32
23,26
1541,34
73,16
937,19
19,47
28,26
3,20
18,21
37,27
18,13
142,35
274,23
3606,43
70,83
105,42
6,22
161,37
36,20
1,19
18,58
8,37
8,28
16,37
348,32
8,28
277,17
7,16
1,33
619,43
8,16
605,29
56,20
3,23
49,41
79,15
29,16
37,28
21,12
13,51
27,23
201,29
23,10
23,30
22,13
82,29
2494,24
3,32
17,34
317,50
1,18
257,30
35,31
303,11
89,41
14,31
28,32
8,18
6,17
11,36
32,43
29,48
155,37
789,30
574,31
48,96
5464,39
2093,28
30,40
120,43
1764,26
3,48
3228,33
543,31
860,30
22,33
937,33
1,33
304,52
11,25
166,28
124,52
13,28
1,24
36,21
19,86
737,49
193,47
1,17
67,14
184,17
1,31
67,27
4165,14
3,35
10,36
41,35
1809,25
16,23
36,26
3193,23
44,27
362,46
1202,20
18626,52
34,43
18,25
6,12
90,47
990,35
16,51
75,30
11,22
195,17
1,26
103,44
1,45
145,32
71,29
27,26
28,26
429,90
1,55
74,64
18,55
6,47
32,79
6,26
107,24
1,87
35,70
114,43
131,23
195,30
51,20
87,50
1585,43
1578,91
63,23
143,91
14,35
26,48
6,22
1,39
1,46
94,64
155,40
34,30
194,47
1,31
968,53
18,40
1131,64
74,32
71,49
527,38
12,39
36,50
3,27
70,36
3,39
164,40
112,37
113,54
21,40
1613,61
414,41
24,47
1133,40
1,28
1,42
694,81
92,65
51,39
885,33
337,25
1,28
23,19
12,48
20,21
114,30
14,20
974,34
3,59
1,33
21,46
1894,23
1,32
95,30
36,22
36,47
1,31
6,85
49,51
56,41
34,21
1,30
38,39
6,42
970,42
50,25
1,102
161,43
218,24
45,28
6,47
8,37
6,23
1,12
13,25
37,44
65,28
1202,15
36,27
31,12
165,42
82,22
89,28
2043,23
171,21
8,46
32,48
30,15
87,30
1,36
27,21
84,46
1,37
104,35
516,51
356,15
76,30
594,25
536,12
26,57
6,27
52,29
870,36
1666,45
7,32
21,37
10,22
151,62
65,37
7,25
25,21
361,43
355,26
88,17
4,40
319,22
51,14
50,40
534,30
15,32
16,40
53,43
1,50
140,91
10,26
9,66
3,41
8,52
103,42
164,39
19,34
41,43
13,46
784,24
32,44
968,27
29,44
6,34
13,59
201,34
8,58
1151,14
84,22
16,48
717,37
38,36
164,37
1,35
32,41
57,45
13,17
7,28
4316,28
104,34
430,30
69,50
29,39
1695,98
900,48
29,32
67,49
1639,22
92,41
28,28
567,68
130,40
87,32
1,45
27,21
15,64
61,53
1,25
161,31
3,25
106,30
21,37
6,28
515,16
33,7
2372,14
57,29
221,42
27,22
87,37
932,27
3,46
29,49
5,20
30,21
22,26
1,32
36,30
27,23
20,42
24,41
30,22
8,19
9,13
755,28
3,28
5707,34
47,16
252,15
948,24
471,31
125,13
48,31
1,30
35,35
77,28
69,28
262,16
21,59
1,16
54,60
52,34
9,35
1,21
2305,31
1,35
6,24
94,34
318,27
51,45
977,29
125,14
16,16
31,26
6,56
32,7
48,42
15,16
31,31
15,10
106,34
11,53
175,170
38,38
15,67
32,46
291,64
468,44
6,51
310,48
148,32
319,28
1,45
46,38
39,62
4,27
13,21
9,24
759,28
15,35
187,20
17,30
634,51
424,71
1,32
82,10
120,63
36,16
38,26
730,14
370,30
332,21
24,42
878,21
17,35
143,20
49,11
339,27
142,16
63,15
21,36
78,59
234,15
45,24
90702,51
15,24
540,413
1,9
61,19
61,30
3,35
309,31
956,29
57,10
5,31
1,15
638,23
24,31
38,43
1250,34
3912,19
502,26
6,25
115,50
160,27
346,25
24,40
1643,17
8,56
1,31
57,24
15,60
107,34
1,35
15,41
1,25
489,16
11,45
72,44
937,39
50,94
82,30
28,19
72,37
5,17
15,21
3,25
64,41
20,21
13,22
71,31
31548,32
62,17
638,17
3940,762
6888,60
169,450
8,55
216,72
616,47
91,41
9867,44
56,30
10,54
67,158
51,55
22800,151
116,63
71,35
33,59
57,64
1221,103
898,71
47,27
36,56
1,30
23,45
1025,147
26,54
117,15
6,93
44,295
77,21
448,183
3,76
11,64
286,65
41,50
19,71
2066,79
387,75
1508,91
1,46
14,96
6,47
14,35
31,41
31,35
2996,46
3318,105
725,38
1105,53
61,75
6,49
193,146
314,141
1,60
31,25
1397,59
21,55
71,46
41344,558
16,37
340,114
1,45
24,84
8,60
1,35
361,124
1,63
27,59
5,74
2099,36
88,26
85,36
86,55
93,67
8,73
1,27
18,28
30,58
2381,22
18,44
29,156
46,104
927,127
460,23
14,36
34,33
1,45
20,38
331,52
98,33
3,39
1,71
81,26
18,28
1,66
335,80
1317,22
1,26
70,68
129,50
16495,36
353,32
5,31
58,24
411,45
2442,48
96,29
373,46
2361,30
21,137
1,39
2384,35
1381,29
393,62
6,58
342,61
3,22
9,28
175,37
99,29
70,58
73,33
279,77
1,48
36,51
42,77
1,39
19,27
18,77
19,30
41,48
125,30
122,31
6334,35
33,43
22,46
9,52
186,80
6,47
177,30
1,47
3,47
1057,37
70,49
70,40
101,37
187,22
1,52
1,20
3,37
6,33
28,47
187,41
45,78
101,31
192,36
92,18
3905,47
612,38
130,39
108,63
880,22
145,18
193,133
6,14
6,32
1072,18
114,31
61,23
162,32
3,50
52,73
53,29
713,11
22800,41
3,17
528,22
18,44
19,38
1,25
10,39
369,34
1551,42
13,36
88,11
943,20
10,37
1024,51
120,84
31,13
6,17
50,18
651,29
235,27
4,29
214,22
47,53
20,19
10,17
18621,12
44,58
1478,14
10174,25
94,66
6,26
37,21
26,29
6,55
31,51
42,29
42,28
8300,44
41,44
1021,31
117,37
149,38
1,13
19,49
262,12
315,64
4726,21
1,9
10,23
6,28
150,8
1,20
32,56
464,53
209,12
23,46
38,47
119,19
128,16
1,42
27,55
3,28
72,26
36,26
197,17
520,33
168,27
37,28
107,32
397,9
10176,50
5,8
94,39
12578,149
21254,43
238,26
1,15
134,24
1523,35
1,26
14,44
3,39
1,89
6,15
1,14
6522,21
16,42
128,32
6,30
33,29
361,46
7,36
325,24
6,39
1021,36
20,29
108,28
99,16
9053,36
1,61
1119,57
15,60
437,17
21,25
1645,35
13,22
2685,23
607,16
923,53
473,14
54,50
6,11
35,30
28,87
3068,53
6,9
454,70
1,63
118,50
30,44
1,15
8,63
21,80
21,24
50,34
1,24
18,18
793,74
1302,31
1,44
6,68
1,44
10398,30
18,13
414,44
1,30
3,24
62,30
19,25
1,46
1224,28
26,28
120,68
1,23
2,29
3326,32
1,15
270,44
33,13
741,39
1,26
1,27
98,14
73,52
203,39
2,68
18,46
56,48
10,48
3313,30
27,13
1,38
16495,28
1348,25
22,69
8,39
33,24
6,15
44,71
3,60
110,32
71,37
379,41
96,21
166,36
34,50
13,45
295,32
1,39
1,30
6,63
38,15
935,27
40,380
201,26
202,39
23,38
302,56
36,31
2287,31
593,50
6019,20
1,28
103,69
1,15
17,23
571,57
84,14
1,53
148,28
18,27
1,192
69,81
1,54
60,17
1,18
158,34
1,104
1408,74
22,24
1,57
3426,21
51,67
61,32
1,14
1,74
19,55
16,23
13,19
91,22
318,14
353,45
262,37
14,56
6,18
2279,55
76,52
280,21
92,45
18,26
2583,35
62,53
14,42
1275,25
118,29
120,63
60,63
18,42
33,16
700,28
282,40
1007,65
481,45
74,21
17,21
471,100
19,27
46,29
1,19
202,52
1849,58
12,29
224,30
11,59
74,34
122,68
26,51
1,41
484,52
34,31
819,30
29,27
90,11
18,26
4166,8
188,35
37,25
805,49
1,48
21,35
60,23
6,34
8,78
263,77
189,30
467,50
117,8
6,14
52,37
53,30
31,51
350,19
9,30
681,43
70,51
102,35
77,22
91,19
10052,27
9,28
21,33
10271,45
1,36
1,32
270,43
31,21
1,30
6,30
1,47
834,17
110,76
41,23
273,22
37,90
24,35
170,46
42,13
184,31
302,40
6,64
8,44
1,24
971,25
202,55
6,35
1,43
221,42
31,61
3,54
6771,60
1084,24
6,55
13,184
34,28
10,56
23,9
314,100
17,43
66,45
48,101
45,90
84,37
171,42
1,38
125,74
87,41
1371,17
420,172
38,52
17144,18
24,45
1,43
1,64
3968,165
5200,68
3,47
1,45
28,97
55,47
23,48
1,36
175,53
1,60
42,41
6,101
1,46
1,38
11100,8
179,1843
1,41
60,52
34,37
6,31
8,60
18,110
3,50
1314,38
67,63
15,17
2817,109
25,48
375,57
37,54
3939,48
1,76
6,152
497,54
173,305
50,48
109,109
23,29
119,30
22,59
849,59
13,41
691,88
154,49
431,30
63,42
76,74
469,37
8,49
8,35
75,38
35,32
26,27
16707,35
1395,90
10,25
22,42
55,96
31,29
235,56
686,21
28,18
3776,37
85,35
16,11
374,37
3,33
64,48
64,44
655,33
1024,43
14,42
38,85
31,97
48,50
11,38
193,55
517,30
238,41
163,30
478,42
331,35
21,11
1128,30
10357,170
517,34
90,87
2280,96
59,42
1,20
75,28
315,34
101,42
1733,27
52,48
60,57
50,45
38,39
59,44
114,24
97,27
80,42
76,54
18,66
12,17
11,15
6,26
452,69
6,42
23,33
476,106
9,22
395,70
5,46
74,67
8,25
27,39
36,51
52,46
81,35
57,42
633,32
146,48
13,38
1,43
15,25
15,22
49,27
437,15
2186,39
12,42
10,51
8,64
15,12
421,16
6241,51
24,40
420,34
1,38
42,62
15,25
68,38
1,44
1,31
6,54
10,33
113,18
691,15
33,30
64,42
1,16
1,40
92,17
62,57
8,28
143,38
6,14
50,14
209,46
124,39
8,28
13,31
50,35
4563,36
1,37
17,35
653,34
603,20
49,58
1,29
17,35
1,22
140,58
187,68
330,17
26,25
3,22
11,244
14,31
780,53
62,46
42,18
24,12
169,62
105,18
110,21
69,17
70,24
7470,24
30,18
20,41
11,37
39,51
24,50
15451,17
62,85
953,99
323,43
370,36
161,11
89,73
136,34
1,34
1,29
154,34
4,54
25,34
43,59
25,59
171,67
367,74
6,25
9,41
6,27
103,51
147,57
1,40
9,26
812,29
53,40
2404,50
1,40
1,25
8952,71
238,28
26,28
5,31
558,66
352,18
4,52
23,38
964,48
321,34
6,14
24,23
18,54
34,14
33,44
493,24
603,18
17,24
155,31
7373,22
19,37
780,22
1315,49
158,22
6,20
66,28
754,22
16,39
4,40
50,22
117,32
2,17
175,20
854,40
65,48
161,15
18,46
1,31
50,62
3,93
33,36
95,27
6,58
157,23
441,33
1307,30
95,39
1,23
23,36
99,47
1,20
21,20
8,20
22,51
199,47
1623,18
13,45
31,28
505,52
20,38
23,34
1,52
46,42
59,30
369,126
8,26
27,34
691,34
69,23
600,47
80,50
28,32
187,25
66,38
398,42
3,26
198,24
1147,46
34,45
2816,178
1429,40
204,56
65,40
6,25
10,43
20,56
336,45
57,24
688,41
245,73
6,12
60,43
1,78
19,36
510,29
1,51
842,45
1,29
75,29
3,63
7,46
6,40
18,28
62,45
6,51
31,33
40,44
37,40
39,72
32,57
1128,64
387,53
393,28
526,29
3,42
1,19
865,24
18,30
867,49
125,46
374,51
757,37
1285,54
67,52
1652,35
19,34
593,57
11,16
2183,37
56,22
12,27
3,25
6,39
21,23
9,48
4,62
5,43
1372,31
30,50
23,95
154,20
1,36
6,46
2601,37
1,33
55,37
73,56
318,35
6,53
37,51
1491,35
31,60
14,49
85,32
32,45
601,23
26,27
142,34
1775,30
13,20
80,53
490,31
126,47
1,35
11,61
2238,42
13,59
32,32
18,31
2,34
20,35
22,42
155,33
8,51
25,22
87,77
104,34
59,47
13,26
15,44
363,38
36,49
929,45
51,38
17,27
9,18
1,28
103,28
1,26
125,55
691,22
106,47
78,25
6,71
41,28
1,25
4457,12
23,36
16,58
1,34
820,40
1,35
56,110
118,46
55,35
2016,56
313,72
2073,67
41,35
357,32
628,43
514,42
354,45
111,55
973,11
1,64
204,41
12,46
108,39
25,48
1,43
43,24
41,28
15,90
15870,33
16,18
9,53
1155,57
97,27
292,52
107,41
408,43
21,36
8,25
27,32
101,27
50,40
131,20
60,23
653,31
326,23
109,51
964,55
8,71
19,16
9,28
1395,112
94,165
1155,31
26,33
48,45
537,36
26,31
894,33
580,27
6,17
3,20
1,32
69,54
105,30
23,19
413,37
1296,49
20,18
8,23
1,18
73,17
40,23
24,30
83,79
59,44
1,33
11,40
5,41
313,55
1,41
3,46
5,30
118,31
1,26
4,48
1098,65
16,53
74,27
1,50
1027,43
36,57
10,16
48,12
361,36
2,47
3,21
1804,80
66,54
99,21
44,42
17,50
73,31
143,25
78,50
9,24
171,57
63,40
1,24
70,17
55,56
3,24
58,56
8,73
76,43
1937,69
439,40
6,46
1,22
11,26
1,17
3,36
873,24
10448,39
1,28
493,32
34,13
998,16
34,76
20,14
20,30
7717,21
3,30
11,48
90,61
352,52
85,36
21,16
41,29
11,42
6,39
45,37
150,38
19,32
83,18
6846,20
499,23
21,31
189,23
20197,20
17,24
11,20
2223,30
13,30
151,19
839,14
6,14
29,43
1,26
577,16
32,16
14,30
55,60
117,68
16,15
80,27
22,25
87,19
29,32
3,31
257,15
1594,17
3,41
8,44
162,18
8,21
122,36
1,22
107,31
84,52
64,59
39,33
48,26
15,36
1,39
197,66
36,27
17,25
4,23
421,52
78,37
76,167
1,28
89,49
151,24
365,46
75,45
1764,31
738,42
19,28
3,37
89,33
56,37
1,31
4788,53
3673,20
8,45
53,27
189,45
105,44
112,60
9,39
8,40
102,20
82,48
1098,50
3,44
1,36
586,22
421,67
573,32
322,47
818,14
1903,23
1040,48
1,39
13,23
26,49
14,17
21,24
243,48
1,21
1,26
1,33
196,40
532,79
587,33
150,46
352,27
483,29
6,24
10,18
71,35
8,36
1,23
36,35
307,53
8,63
63,63
2553,135
11,23
3413,57
518,96
3413,68
219,123
14296,36
7,68
2885,93
4,105
232,80
13,42
168,31
48,35
461,49
143,270
63,126
343,85
62,61
162,48
108,52
30,65
16,116
281,55
61,37
46,39
6,63
322,58
1,30
213,81
1058,34
3413,44
6,73
1875,64
8,72
38,50
2962,77
320,73
630,45
8,77
2188,21
106,30
38,61
755,52
26,42
1331,92
256,19
16,40
6,42
8,21
6,37
1,56
8,41
378,33
5418,197
432,74
720,62
35,18
13,53
47,50
47,64
1,43
3,45
3,61
1576,55
192,45
52,40
62,17
187,38
2153,133
74,33
8,48
103,48
18,54
487,30
9,61
53,126
322,29
1328,67
36,141
70,51
84,43
464,77
63,75
12,106
41,28
7,32
4,40
1454,32
11,62
6,39
56,57
3451,79
117,91
335,70
8227,35
9113,31
45,43
1,65
17,108
5,54
70,61
7594,143
109,27
1,87
354,32
165,88
1,36
4812,100
3451,29
6922,147
1,13
6,43
1,95
117,94
32,63
74,22
53,43
38,37
99,26
1,31
26,42
188,28
33,9
2115,1382
4,50
56,33
695,566
4280,27
27,33
5,46
1,53
43,38
1031,54
15,53
145,35
164,124
565,73
347,68
33,18
184,74
883,17
11,89
35,44
3,25
1422,131
15,24
41,25
353,48
18,36
86,29
6,42
8,35
71,83
276,141
218,53
6,46
16,34
4,14
6176,27
11,59
69,74
270,78
1,33
306,39
6135,988
1,64
6,42
26,84
390,40
9,64
1,133
1,73
3662,37
1,48
1,39
21,56
106,33
2188,26
27,28
6,34
123,37
117,90
60,53
281,91
126,47
357,12
14,47
140,66
98,26
118,33
1,51
3,40
1,49
1491,83
13,47
1,55
48,81
344,28
18,58
23,28
61,47
3233,65
26,54
32,52
14,60
679,34
36,44
11,78
25,57
5418,41
11,85
29,71
2,45
538,53
37,66
5007,26
16,76
1,50
3233,60
50,44
9,25
12,50
41,22
188,42
16,30
7,23
1,31
21,56
11,27
3,38
6,27
18,46
423,196
32,26
260,27
212,74
13,24
26879,48
13,30
6,51
6,24
2171,27
7594,138
2702,26
698,65
1017,26
15,35
182,61
6,47
3413,47
194,39
1,41
71,30
506,62
213,15
1,39
141,46
1369,64
509,431
81,111
6,45
799,36
6,37
56,49
168,133
3,25
39,28
398,26
3356,37
1,49
137,51
373,131
369,101
288,199
122,32
3216,178
2876,93
29187,168
6,56
52,46
960,34
14,29
18,153
31,51
68,52
1024,39
1197,113
301,34
286,78
36,30
128,9
13,42
116,89
154,42
12058,146
3,36
1717,55
5,25
69,61
6,43
13,32
3,104
17,56
1,35
151,27
301,55
10,103
85,37
1,109
21,68
85,54
1,67
2066,36
16,62
24,60
406,71
2186,33
422,54
3,62
37,62
411,84
16,54
1767,19
13544,20
296,81
914,23
432,78
5,44
351,83
65,52
258,67
8,59
75,33
22,104
41,29
178,40
1247,24
58,45
1139,174
54,48
11274,28
11274,36
411,48
3,63
11,64
10,49
7,52
1,64
11,64
48,36
1931,33
1133,36
100,15
2505,18
19,15
90,47
8,39
3478,53
109,26
8,50
129,17
62,15
1836,25
1683,51
89,40
2,21
11274,37
141,34
50,29
171,13
3,51
3,34
1,26
307,28
22,12
35,31
4,51
177,56
8,70
3,63
1359,19
17,35
85,12
103,37
2,33
116,47
6,26
8,34
145,40
759,46
51,30
8,16
35,50
327,45
543,39
163,49
13,54
61,32
133,14
3507,16
300,46
25,11
14,53
172,21
492,36
329,37
8,48
86,40
119,52
56,34
169,34
33,36
327,47
1,33
3857,18
198,19
1,9
2362,25
119,39
8,48
10,37
11,24
3,52
1,47
1024,42
259,19
460,22
6,49
215,27
55,25
6,58
18,60
12743,80
412,90
55,41
8,64
346,37
410,104
6,26
346,37
456,30
744,30
103,80
359,26
1343,55
6,20
583,40
562,52
72,7
1485,62
353,60
9,38
105,110
9,32
46,59
11,20
1383,47
93,15
55,69
46,48
100,18
19,17
50,32
10,43
6,48
11646,81
115,36
705,36
39,71
15,59
162,40
268,40
131,100
228,39
71,45
835,31
6,28
3,38
2622,56
132,19
249,22
83,62
29,49
875,48
1,19
1305,25
1348,38
108,53
1,68
1706,37
45,28
3,24
259,36
40,27
797,19
41,30
46,36
8,71
3,38
103,34
401,27
59,47
58,72
22,31
56,15
1,55
4652,61
391,54
174,54
479,22
18,18
1011,48
174,43
36,58
612,20
6,26
3106,20
56,45
6,31
430,24
43,64
36,25
193,77
176,21
27,69
49,34
27,36
3,14
8,25
112,18
132,19
13,71
1,74
11,52
75,42
15,38
3,22
4,59
12,46
1,12
6,47
40,28
18,53
1,11
27,19
58,34
5,32
1241,45
122,31
54,35
8,18
11,22
1829,25
970,23
104,33
1,57
19,35
23,26
379,28
3,19
4,58
6,40
68,27
6,36
43,19
1,24
42,18
12,20
32,36
361,49
420,22
3339,22
23,25
128,23
10,18
530,30
3,22
110,12
347,21
31,20
3,20
6,23
1,27
103,35
10,30
689,24
1,35
32,43
439,36
357,22
46,15
6,45
53,31
426,17
164,32
49,15
379,38
40,14
26,13
970,37
6655,34
3,36
1,24
19,17
3,13
90,23
105,57
44,24
30,45
970,28
3,29
1,57
1399,26
23,29
399,14
6,40
1,15
373,35
57,40
569,42
1,16
1,27
20,45
155,42
8,17
1155,33
57,30
35,29
459,44
4,25
26,21
32,24
153,51
1102,23
26,27
3,38
85,19
69,32
21,42
862,22
1,14
1,26
52,24
1,18
1,30
2562,24
430,39
175,48
26,17
46,37
12,45
1,64
347,55
104,30
332,16
1,7
31,30
1,30
138,60
1625,65
1744,190
341,26
305,34
6,15
40,30
369,30
80,22
71,32
46,52
474,22
4814,49
363,46
57,24
11,40
164,23
3,26
8,63
3,38
164,42
8,39
1133,26
91,22
18,18
64,41
30,47
653,38
4,21
31,50
14,11
2254,22
108,31
9,23
802,30
4,35
161,27
22,26
1,34
594,52
580,23
1013,20
143,17
407,52
1,29
1682,13
299,27
61,28
33,52
3703,27
10,18
4,32
3,22
16,15
970,28
259,35
1,25
1477,27
57,26
16,30
66,30
17,19
31,26
857,34
1,28
4814,40
139,27
240,28
11,77
1597,46
222,53
903,37
1439,67
91,44
1,34
28,65
4,35
35,32
42,59
44,33
62,35
64,64
402,25
65,43
3,64
28,33
61,49
369,13
13,38
6,43
8,33
63,36
464,44
18,34
8,70
9,23
35,33
28,21
6,40
89,45
43,24
848,46
20,19
89,30
8,40
99,46
15,23
59,21
56,44
3236,38
51,33
475,16
18,54
6,26
6339,33
17,32
3,16
11,41
11,111
12,22
1,29
150,45
8,25
71,18
6,31
1,23
37,37
22,34
15,24
66,21
33,15
183,35
1,25
257,33
101,29
22,52
7,8
106,30
8,55
4332,34
798,54
1,54
70483,12
38,39
36,44
1,17
3482,40
122,25
1,30
1,16
5161,65
28,30
1058,58
15,26
27,38
1055,25
121,31
13,17
27,32
3,72
11,69
1,41
8,27
3,50
6,39
1,41
6,43
357,45
1,53
40,39
10,26
84,31
11,42
104,32
346,47
1,19
65,46
3,44
1173,14
3,47
16,29
89,24
447,38
1,48
121,30
143,48
27,31
24,21
46,51
6,36
913,43
161,50
1,27
32,33
699,59
4,35
4,20
1,39
40,28
73,49
46,54
291,20
1,31
650,40
14,29
550,45
1095,43
18,35
5,18
134,26
3,12
8,34
1192,14
4,144
5104,34
188,167
505,25
94,120
81,54
66,91
33,38
43,53
59,33
80,31
170,34
8,25
812,20
10,32
3,63
6,7
105,30
87,34
115,16
5,57
115,25
1,10
1992,37
37,31
142,48
1,11
305,24
1,13
8,30
342,63
1,14
25,93
1,12
371,26
639,47
85,18
27,42
1,58
364,11
66,46
10656,58
11,8
133,57
124,81
120,145
66,55
6,81
40,82
9,65
27,39
3,61
23,61
109,100
25,62
58,74
6,55
103,34
8,64
13,40
90,119
43,90
52,47
721,40
28,43
64,27
102,74
12,87
104,52
133,86
7,39
5308,48
50,43
28,59
28,58
11,47
19,29
6,49
18,156
152,46
2153,41
12,16
13,80
1,40
152,33
5,39
24,77
39,91
3,22
3,43
6,47
1,44
23,47
11,56
193,22
1504,47
36,22
2888,32
83,86
132,37
29,24
2,43
62,99
343,44
646,42
419,40
2,60
6,55
74,30
187,14
6,32
2818,37
38371,128
6,78
65,50
2356,35
6,43
37,47
22,50
1,53
1,34
43,55
1,48
14,65
2,76
188,51
646,41
9,44
40,90
120,93
26,49
489,58
986,34
45,30
40,88
1,30
19,31
1,56
10,30
2782,18
10,67
65,31
23,51
1,99
122,18
10,31
154,33
17,30
11,37
14,23
27,43
55,24
8,54
97,66
3,49
801,29
2066,115
2276,36
45,26
329,63
5,58
801,32
18,29
8,29
11,24
16,31
16103,33
1053,41
4,10
64,10
163,80
79,38
34083,67
22,41
84,52
1,20
15,32
150,50
38,33
1,24
43,142
225,34
1,57
3,26
32,48
24,34
14,32
458,33
1031,22
11,18
493,34
331,38
781,35
45,47
1031,18
4635,30
2242,23
74,25
1,34
267,27
182,13
4,35
1,52
10,24
370,12
71,16
28,30
858,11
108,24
94,15
75,26
1477,14
6,31
589,12
355,16
81,15
13,28
1,37
28,56
3,59
419,15
182,37
1004,11
720,16
1411,30
150,37
871,21
364,31
54,22
62,38
160,14
29,23
41,24
600,16
1879,20
11,47
419,22
19,29
11,16
633,15
165,24
1931,26
313,58
156,16
6,20
367,15
199,15
1,39
355,51
3,40
1018,27
336,28
300,590
727,53
3499,13
56,28
11,48
2065,19
1,27
1291,31
169,82
156,14
134,31
6,26
26,49
367,40
300,80
641,31
101,18
1,19
1484,20
143,49
1580,26
1,21
1245,60
2987,22
6,74
39,29
2033,58
6,67
3,216
292,28
1126,31
191,24
389,12
135,57
11,30
500,13
827,22
30,21
19,50
432,10
1,28
616,75
3,32
7381,49
161,45
65,62
311,18
35,52
328,44
13,16
3,18
66,27
5114,39
48,45
85,31
16,26
41,32
4013,25
2432,36
1,18
89,38
23,71
34,49
15,42
27,22
50,59
117,26
43,50
3,42
27,18
138,45
58,57
12,70
685,43
43,28
68,84
16,32
3067,100
2764,49
54,68
1,64
3,56
1130,89
1531,285
11,43
3,48
1,49
3,63
39,87
161,52
15,38
2725,62
11,82
62,57
3,23
2634,48
2608,38
168,64
8,35
51,57
156,58
126,76
327,31
1856,126
1321,69
211,37
15,61
126,46
3,43
4968,27
30,64
65,58
857,35
32,132
1,28
66,57
4,47
80,16
31,96
460,37
58,38
18,46
1794,89
35,20
422,42
48,18
1427,40
332,31
36,55
32,55
122,51
1,28
334,75
308,33
1,32
1250,49
3469,38
6,37
1,38
26,47
13,23
39,24
8,67
6,81
636,15
16,49
1,18
157,44
6,35
1,9
14,39
122,70
752,48
593,30
1601,43
128,52
1224,38
126,21
126,54
29,57
1974,54
35,64
13,43
53,28
44,29
117,23
643,25
192,42
1866,36
1601,34
1,14
1480,46
41,37
161,74
84,40
3,20
6,13
1101,88
6593,18
15,29
594,27
44,23
18,42
3933,17
1,38
12938,36
120,63
113,20
913,44
14,77
75360,48
549,34
20,29
1,11
439,45
157,34
91,114
15,14
1137,57
33,76
7,55
6,19
6,40
1002,29
213,24
1,61
15,4
136,50
16,2
16,24
3,7
9,20
51,43
60,27
709,59
2712,86
77689,30
74,76
451,70
1,34
314,26
17,47
1,22
1,47
53,22
32,25
150,14
13,27
1154,20
94,27
360,42
1004,35
497,12
23,46
14,61
8,21
107,26
30,18
1,32
3,18
23,19
1,33
20,48
34,33
187,23
5151,36
1,36
883,16
8,33
3,49
26,40
16,22
216,53
3,39
377,15
13,21
436,66
11,49
1,27
105,35
4968,43
121,37
10,26
35,84
144,38
121,26
1,68
28,55
1,32
12219,41
13,71
359,26
1,40
2459,19
3,44
1,36
15,22
6572,27
1,17
418,12
28,38
23,22
32,6
445,27
180,20
8,35
45,75
24,39
26,31
276,25
8,27
580,51
2313,22
983,26
845,46
423,40
364,48
95,31
17,23
8,59
162,47
1,49
17,54
39,36
54,58
6,55
1,43
306,19
699,53
188,27
34,24
768,61
29,56
683,67
185,68
1,25
39,19
132,33
100,20
303,24
16,15
1,45
4,38
3,35
14,54
172,50
1,39
8,94
322,89
128,30
319,36
18,23
136,25
369,39
13,19
137,84
37,20
2,23
77,63
304,92
16,59
18,54
8,19
102,31
6,31
30,58
419,66
127,125
13,27
57,22
16,16
20,41
1,32
3,50
35,40
1,22
1,27
9724,81
152,38
3,28
76,35
5003,24
55,30
824,40
20,25
421,39
22,59
83,66
8,33
4,21
1,21
140,31
19,51
37,20
205,92
244,45
81,38
21,37
1,30
26,84
348,53
164,28
87,35
15,44
54,68
64,21
2721,44
97,30
25,21
23,34
59,32
77,40
12,24
1,30
8,30
35,40
519,27
366,42
8,29
8,16
3,23
16,31
127,37
364,41
416,34
205,24
11,44
56,36
3,15
27,53
306,10
1,16
423,35
447,20
93,33
128,40
3481,12
8,27
11,30
23,44
10,21
456,14
474,44
152,46
137,52
10,18
1,28
75,48
656,25
87,36
23,138
185,28
51,32
27,61
1,30
1,29
35,26
1,45
1,55
17,31
5,40
16,42
123,32
2,30
54,25
6,42
1,25
1,20
5242,79
1,22
36,32
51,31
18,34
348,30
45,34
99,19
1,19
3,26
23,21
65,22
36,40
25,26
1,22
16,40
14,54
61,72
172,40
77,57
70,48
33,26
79,43
244,26
134,37
13,53
8,37
40,18
13,101
313,24
86,34
114,26
122,32
95,62
17,28
1,29
613,52
6,17
11,48
21,22
6,43
1,18
9179,29
6,23
1,17
282,37
11,42
1,26
65,25
12,18
13,47
11,23
3,29
393,12
29,29
605,22
6,26
52,9
331,31
100,18
52,41
6,55
179,34
2633,32
642,57
2029,22
80,49
3,25
8,44
1895,48
1845,32
21,60
574,49
8,73
9,24
8,61
8,18
6,27
355,123
25,15
341,25
141,36
50,53
131,33
8,26
11,27
1,45
1737,73
8,31
1,15
3,19
21,30
53,77
342,30
6,39
1751,27
670,59
2805,47
1,23
6,54
34,10
3010,50
82,31
892,20
10,19
3,66
785,53
7,52
1,17
1,35
2089,18
21,48
26,27
1,22
7,43
311,277
18,33
1394,14
41,19
998,32
5,81
22,30
1,26
54,24
3010,36
304,20
1,9
1,23
3,52
1,9
6,19
4,17
1,17
2098,27
56,29
27,20
6,12
666,25
114,34
396,33
70,25
57,56
114,20
52,27
100,30
18,35
163,44
744,35
131,14
474,32
25,46
398,40
23,21
128,37
821,62
1,18
1019,30
4473,38
86,59
1,193
17790,37
197,35
1745,43
204,14
7030,67
317,34
1,25
3721,52
57,72
68,27
86,27
1995,17
2126,10
62,31
6,42
15,16
85,30
1380,30
4,12
86,63
956,19
6,58
112,34
229,22
20,47
7,21
1,26
956,23
75,34
186,62
168,28
78,52
138,21
8413,10
1010,39
9,33
195,32
1,35
9,48
1404,30
23,147
726,37
1497,27
501,42
185,14
523,26
39,17
7,23
22,38
3721,28
9,24
74,18
83,44
45,35
6,21
661,20
89,12
144,27
2451,33
75,23
916,50
158,30
1108,34
1,33
30,22
953,13
60,23
866,21
1,22
6,31
2238,13
20146,40
31,66
427,33
28,41
70,26
410,24
381,62
1,57
179,81
22,85
74,30
381,66
12035,15
1190,92
663,27
1,20
116,24
553,40
2803,37
587,35
53,40
1,38
555,41
95,29
3,40
587,39
1,16
27,32
32,22
174,17
3003,33
4,42
3,21
4,46
670,52
16,73
21,26
1,34
5,20
6,33
1,35
3,36
1404,51
35,29
1,35
19,49
10,41
55,26
152,48
16,35
95,32
8,36
26,35
806,45
1309,38
13,104
46,13
1,11
2127,35
1,28
685,14
1,23
120,16
1,11
48,22
6,25
6,31
1,12
13,41
13,20
123,19
42,20
1,41
6,45
80,43
37725,61
1,20
32,11
95,36
6,36
38,59
73,21
1,34
697,24
36,44
162,31
103,46
421,1075
6,48
9,148
155,17
9,34
40,18
23,29
198,31
1,72
33,75
79,55
19369,41
1,49
17,120
122,22
3,42
1,19
390,94
36,58
39,42
1,43
61,29
17,37
6,21
35,32
39,44
412,50
150,37
11,63
2409,59
23,31
602,29
42,24
8,38
10,55
3,36
3,33
144,45
171,30
43,21
20,24
11,28
134,56
59,39
6,36
11,49
11,57
1,38
61,58
16,25
1158,30
11373,166
1,45
1,139
46,75
1268,45
18,43
1,17
805,101
1506,29
258,40
501,79
71,21
148,45
102,19
917,17
21,9
20,28
130,54
23,33
111,7
1,21
1,13
2758,35
1,49
60,31
1,26
26,34
174,49
46,26
57,30
8,59
1,18
13,37
7218,43
2514,15
19,28
3664,35
21,58
10,21
24,38
278,65
58,30
4583,46
6,31
221,33
437,27
866,50
4058,19
101,35
671,21
162,43
448,17
4058,44
101,27
6,37
134,36
47,53
36,17
1,30
14,42
9,107
20,73
15,34
61,48
20,42
81,61
8293,6
381,57
1,35
12,51
42,21
407,20
381,48
11,27
301,37
1509,73
738,34
2789,25
29,42
25,20
395,35
1,17
1,34
183,17
20,19
8,11
27,28
3,44
142,31
8,32
8,24
2602,222
28,64
25,91
21,45
39,56
27,42
367,67
68,44
42,79
45,22
13,46
44,45
6,58
3,24
18,29
114,75
401,33
23,48
3,24
68,45
3,36
101,37
31,20
1731,22
69,24
3,23
109,42
15,30
3,24
1,38
30,26
6,29
3,17
467,26
10,33
1,30
95,17
13,28
3,35
3,35
46,46
6,28
90,13
153,47
35,26
172,33
1,40
22,35
17,35
45,34
47,12
8,22
68,29
1,39
13,54
18,27
6,31
106,49
17,31
1,57
17,36
1,30
8,16
352,72
48,26
304,16
3,31
8,27
1,14
483,65
321,19
10,29
1,11
1,5
105,35
548,10
10,58
1,10
1567,39
1,8
30,20
1,19
1,18
2845,18
24,38
1,25
776,113
13,8
633,48
529,49
643,34
1,27
14,23
734,20
1,28
4,36
28,41
3,29
73,36
6,14
10,72
6,37
326,78
118,36
39,60
6,48
6,77
55,49
3440,21
129,90
4025,97
95,43
692,28
47,58
595,45
59,28
1,36
1839,30
63,26
35,16
1017,9
2606,19
13,13
14513,26
1,8
1,46
1,10
40,39
5707,22
1,21
6,36
6,20
11,47
1,14
95,14
13,24
23,21
551,10
1931,43
308,153
269,49
20,40
106,18
110,28
54,46
100,19
1,28
25,209
2253,147
21,25
13,12
53,42
429,203
1,42
6,32
1,100
1069,28
5,56
2691,35
214,34
57,33
11,39
2298,39
16,22
3,23
2458,35
1259,46
35,9
155,28
365,31
128,40
358,18
2058,39
1,41
9,116
193,42
81,40
957,39
4,36
1,48
24,53
63,36
6,35
185,27
327,20
15,29
250,59
1,57
101,46
19,33
16,24
11,23
8,68
176,34
179,24
273,24
429,168
92,15
8,24
49,28
33,29
13,62
2335,32
1024,14
58,75
462,34
897,53
38441,26
61,34
13,27
6,23
12,27
406,35
5,28
1,32
3,77
7,35
3,65
1,17
45,31
50,22
123,50
26,18
4,29
1,38
9,27
27,25
39,17
51,41
6,43
10,44
26,55
7,38
1,10
13,20
19,37
6,31
8031,28
171,49
649,22
1,55
6,50
62,43
30,25
18,84
16,61
28941,24
850,40
26,67
1,43
35,51
3,29
23,40
26,27
120,31
44,35
30,40
25,23
1,24
1,47
1,29
132,22
37,39
1,12
10,29
13,46
850,51
70,24
10,38
593,66
18,88
2877,41
1,34
559,54
26,25
6,43
67,39
639,45
1232,27
1,41
10091,133
1232,59
727,74
1,45
44,31
251,46
53,19
352,55
1232,48
1495,33
727,40
1232,43
6,28
81,155
1,23
1006,58
57,36
128,54
8,47
99,26
116,29
785,31
133,11
67,23
13,12
6,16
8529,21
26,34
1306,21
50,23
417,31
1,18
18,32
1498,24
4,26
1498,18
451,28
111,48
2457,29
501,53
53,23
4,53
371,54
1,252
1,11
13,12
41,39
6,5
501,13
120,39
180,29
16,27
8,62
4522,70
3,61
16,57
42,46
26,52
1,71
46,45
1,20
13,39
4522,63
20,29
18,60
188,24
5,17
25,130
23550,39
49,45
21,32
2730,22
199,46
2567,44
931,25
33,726
3750,41
90,507
21,35
439,18
12,46
6,15
1025,36
43,20
1,21
35,17
61,35
31,70
8097,29
98,28
24,29
1,19
3,54
3,14
8,26
788,37
24,8
6,32
71,14
70,29
70,23
1,15
4,21
1,25
81,27
464,21
27,25
14,54
81,32
1,36
44,18
13,10
18,14
13,14
13,13
108,47
50351,50
41,30
53,50
1,12
27,21
194,38
837,33
399,32
367,45
33,66
223,27
87,13
33,39
1269,26
2566,42
1,43
75,36
110,57
149,53
83,24
48,52
36,56
40,34
586,30
139,39
1700,12
71,43
51,14
1569,19
3,29
801,10
185,18
16,75
858,115
6,57
25,36
3,35
168,44
35,106
68,27
26,35
6,45
1355,27
1,6
1,9
142,26
707,28
8,17
121,31
150,32
2802,34
645,16
40,78
5,30
2568,36
858,36
8,29
497,28
26,28
1086,39
21,23
20,29
95,43
8,46
23,89
547,20
8,50
611,11
8,40
1,58
1,19
64,31
852,25
483,25
9,43
20,15
1311,34
1,5
471,37
49,11
1,9
1,10
6,88
1,27
2560,23
1,15
32,13
126,21
11,22
45,38
38,14
54,78
67,67
15,93
1,18
23,12
102,20
4577,45
3662,46
1,25
14,26
8,33
21,24
35,22
129,4
658,31
15,96
66,47
2,28
1,38
128,878
36,47
1597,30
1,48
98,21
23,23
121,17
36,49
1802,65
2017,31
1,44
2344,30
61,121
76,23
432,71
26,38
369,12
11,32
6,26
1135,48
62,49
1,48
1135,21
1,38
3,15
12,21
186,27
4375,101
11,30
36,20
8,93
3,27
665,39
1498,25
14,107
16,55
9990,62
28,105
11,72
1201,157
348,117
9,119
684,18
611,29
412,36
83,31
94,10
2653,23
7,21
3,22
412,20
1,25
1014,117
11,39
24,29
26,33
7830,246
6,96
145,51
339,38
258,62
1374,36
3,50
1091,156
109,49
15,88
105,52
252,36
14,26
886,35
3,16
32,20
5,12
25,33
8479,31
539,53
54,62
2454,83
1,52
3,36
8,83
44,76
112,25
1539,43
33,69
4757,18
18,21
367,28
11,34
36,25
76,23
128,15
4526,13
1259,11
61,30
2755,33
536,26
2169,32
130,33
81,90
1,19
180,19
6,35
1,9
7,7
120,40
32,41
237,17
33,133
20,43
11,32
6,28
1,22
73,28
1,23
1,47
1,26
13,13
1,12
65,9
1718,8
48,24
41,42
92,79
332,107
96,27
1,22
1186,37
1020,35
11,4
92,11
740,32
3,19
17,32
35,66
75,166
5,31
14292,61
895,57
23,27
104,146
1,45
68,21
1,19
83,28
3,29
1,46
18,14
916,26
803,98
670,101
31,35
1399,51
8,10
17,39
921,41
1,27
1,10
64,11
20,23
1193,33
71,18
41,22
318,18
20,19
1,8
1,13
70,31
3492,26
10,18
934,29
1751,27
642,22
1650,38
1,19
45,35
3,41
385,22
3,43
70,69
36,14
38,19
11,14
59,52
11,37
34711,38
760,18
178,35
3,41
379,14
3090,11
10,33
358,25
73,6
443,27
73,47
28,32
5934,29
1,19
1,4
30,21
30,23
1629,27
2016,18
6,28
15,31
6,47
1767,20
390,27
42,62
969,26
3,21
566,15
20,31
269,26
45,15
161,84
83,15
161,21
567,34
1708,38
1,46
3910,25
175,24
908,15
86,16
25,42
133,193
1,20
454,66
1,4
5034,25
353,99
47,46
456,51
2362,23
723,20
119,47
320,23
456,26
307,14
599,14
2607,6
2,23
17,16
20632,18
5950,60
71934,101
4007,103
61,27
2282,12
1010,88
6035,24
1,133
303,28
68,34
7,56
28,50
23,51
1,9
187,14
151,21
19,39
23,20
45,36
6,20
21046,41
35,178
99,24
58,43
1506,58
1,31
125,19
70,57
1115,55
9,41
575,37
1814,28
8,29
45,40
371,26
1804,29
613,43
16,13
406,24
9,33
876,17
1,38
805,108
27,58
158,12
59,31
44,28
657,35
3,30
1120,52
1617,23
42,85
10,56
8,64
566,129
1,8
21,48
576,41
174399,47
13,14
138,27
32,45
3094,36
661,24
48,40
31,57
129,27
3,43
